SEQUENCE,TASTE,Std_SMILES
CALTP,1,CC(C)C[C@H](NC(=O)[C@H](C)NC(=O)[C@@H](N)CS)C(=O)N[C@H](C(=O)N1CCC[C@H]1C(=O)O)[C@@H](C)O
AEA,1,C[C@H](N)C(=O)N[C@@H](CCC(=O)O)C(=O)N[C@@H](C)C(=O)O
VG,1,CC(C)[C@H](N)C(=O)NCC(=O)O
VF,1,CC(C)[C@H](N)C(=O)N[C@@H](Cc1ccccc1)C(=O)O
AAPY,1,C[C@H](N)C(=O)N[C@@H](C)C(=O)N1CCC[C@H]1C(=O)N[C@@H](Cc1ccc(O)cc1)C(=O)O
VEL,1,CC(C)C[C@H](NC(=O)[C@H](CCC(=O)O)NC(=O)[C@@H](N)C(C)C)C(=O)O
TESSSE,1,C[C@@H](O)[C@H](N)C(=O)N[C@@H](CCC(=O)O)C(=O)N[C@@H](CO)C(=O)N[C@@H](CO)C(=O)N[C@@H](CO)C(=O)N[C@@H](CCC(=O)O)C(=O)O
TAY,1,C[C@H](NC(=O)[C@@H](N)[C@@H](C)O)C(=O)N[C@@H](Cc1ccc(O)cc1)C(=O)O
STMLLESER,1,CSCC[C@H](NC(=O)[C@@H](NC(=O)[C@@H](N)CO)[C@@H](C)O)C(=O)N[C@@H](CC(C)C)C(=O)N[C@@H](CC(C)C)C(=O)N[C@@H](CCC(=O)O)C(=O)N[C@@H](CO)C(=O)N[C@@H](CCC(=O)O)C(=O)N[C@@H](CCCNC(=N)N)C(=O)O
SFE,1,N[C@@H](CO)C(=O)N[C@@H](Cc1ccccc1)C(=O)N[C@@H](CCC(=O)O)C(=O)O
PSE,1,O=C(O)CC[C@H](NC(=O)[C@H](CO)NC(=O)[C@@H]1CCCN1)C(=O)O
PAQ,1,C[C@H](NC(=O)[C@@H]1CCCN1)C(=O)N[C@@H](CCC(N)=O)C(=O)O
LYER,1,CC(C)C[C@H](N)C(=O)N[C@@H](Cc1ccc(O)cc1)C(=O)N[C@@H](CCC(=O)O)C(=O)N[C@@H](CCCNC(=N)N)C(=O)O
LEQL,1,CC(C)C[C@H](N)C(=O)N[C@@H](CCC(=O)O)C(=O)N[C@@H](CCC(N)=O)C(=O)N[C@@H](CC(C)C)C(=O)O
LE,1,CC(C)C[C@H](N)C(=O)N[C@@H](CCC(=O)O)C(=O)O
HV,1,CC(C)[C@H](NC(=O)[C@@H](N)Cc1c[nH]cn1)C(=O)O
GGNP,1,NCC(=O)NCC(=O)N[C@@H](CC(N)=O)C(=O)N1CCC[C@H]1C(=O)O
GD,1,NCC(=O)N[C@@H](CC(=O)O)C(=O)O
EV,1,CC(C)[C@H](NC(=O)[C@@H](N)CCC(=O)O)C(=O)O
EPE,1,N[C@@H](CCC(=O)O)C(=O)N1CCC[C@H]1C(=O)N[C@@H](CCC(=O)O)C(=O)O
EGF,1,N[C@@H](CCC(=O)O)C(=O)NCC(=O)N[C@@H](Cc1ccccc1)C(=O)O
EED,1,N[C@@H](CCC(=O)O)C(=O)N[C@@H](CCC(=O)O)C(=O)N[C@@H](CC(=O)O)C(=O)O
EDG,1,N[C@@H](CCC(=O)O)C(=O)N[C@@H](CC(=O)O)C(=O)NCC(=O)O
EAGIQ,1,CC[C@H](C)[C@H](NC(=O)CNC(=O)[C@H](C)NC(=O)[C@@H](N)CCC(=O)O)C(=O)N[C@@H](CCC(N)=O)C(=O)O
DL,1,CC(C)C[C@H](NC(=O)[C@@H](N)CC(=O)O)C(=O)O
DGG,1,N[C@@H](CC(=O)O)C(=O)NCC(=O)NCC(=O)O
DEL,1,CC(C)C[C@H](NC(=O)[C@H](CCC(=O)O)NC(=O)[C@@H](N)CC(=O)O)C(=O)O
DED,1,N[C@@H](CC(=O)O)C(=O)N[C@@H](CCC(=O)O)C(=O)N[C@@H](CC(=O)O)C(=O)O
QLFNPSTNPWH,0,CC(C)C[C@H](NC(=O)[C@@H](N)CCC(N)=O)C(=O)N[C@@H](Cc1ccccc1)C(=O)N[C@@H](CC(N)=O)C(=O)N1CCC[C@H]1C(=O)N[C@@H](CO)C(=O)N[C@H](C(=O)N[C@@H](CC(N)=O)C(=O)N1CCC[C@H]1C(=O)N[C@@H](Cc1c[nH]c2c1cccc2)C(=O)N[C@@H](Cc1c[nH]cn1)C(=O)O)[C@@H](C)O
YQQPVLGPVRGPFPIIV,0,CC[C@H](C)[C@H](NC(=O)[C@@H](NC(=O)[C@@H]1CCCN1C(=O)[C@H](Cc1ccccc1)NC(=O)[C@@H]1CCCN1C(=O)CNC(=O)[C@H](CCCNC(=N)N)NC(=O)[C@@H](NC(=O)[C@@H]1CCCN1C(=O)CNC(=O)[C@H](CC(C)C)NC(=O)[C@@H](NC(=O)[C@@H]1CCCN1C(=O)[C@H](CCC(N)=O)NC(=O)[C@H](CCC(N)=O)NC(=O)[C@@H](N)Cc1ccc(O)cc1)C(C)C)C(C)C)[C@@H](C)CC)C(=O)N[C@H](C(=O)O)C(C)C
PIP,0,CC[C@H](C)[C@H](NC(=O)[C@@H]1CCCN1)C(=O)N1CCC[C@H]1C(=O)O
FI,0,CC[C@H](C)[C@H](NC(=O)[C@@H](N)Cc1ccccc1)C(=O)O
PGP,0,O=C(NCC(=O)N1CCC[C@H]1C(=O)O)[C@@H]1CCCN1
FGFG,0,N[C@@H](Cc1ccccc1)C(=O)NCC(=O)N[C@@H](Cc1ccccc1)C(=O)NCC(=O)O
PGG,0,O=C(O)CNC(=O)CNC(=O)[C@@H]1CCCN1
PFPP,0,O=C(N[C@@H](Cc1ccccc1)C(=O)N1CCC[C@H]1C(=O)N1CCC[C@H]1C(=O)O)[C@@H]1CCCN1
PFPIIV,0,CC[C@H](C)[C@H](NC(=O)[C@@H](NC(=O)[C@@H]1CCCN1C(=O)[C@H](Cc1ccccc1)NC(=O)[C@@H]1CCCN1)[C@@H](C)CC)C(=O)N[C@H](C(=O)O)C(C)C
PFPGPIPNS,0,CC[C@H](C)[C@H](NC(=O)[C@@H]1CCCN1C(=O)CNC(=O)[C@@H]1CCCN1C(=O)[C@H](Cc1ccccc1)NC(=O)[C@@H]1CCCN1)C(=O)N1CCC[C@H]1C(=O)N[C@@H](CC(N)=O)C(=O)N[C@@H](CO)C(=O)O
FFRPFFRPFF,0,N=C(N)NCCC[C@H](NC(=O)[C@H](Cc1ccccc1)NC(=O)[C@H](Cc1ccccc1)NC(=O)[C@@H]1CCCN1C(=O)[C@H](CCCNC(=N)N)NC(=O)[C@H](Cc1ccccc1)NC(=O)[C@@H](N)Cc1ccccc1)C(=O)N1CCC[C@H]1C(=O)N[C@@H](Cc1ccccc1)C(=O)N[C@@H](Cc1ccccc1)C(=O)O
FFPG,0,N[C@@H](Cc1ccccc1)C(=O)N[C@@H](Cc1ccccc1)C(=O)N1CCC[C@H]1C(=O)NCC(=O)O
FFPE,0,N[C@@H](Cc1ccccc1)C(=O)N[C@@H](Cc1ccccc1)C(=O)N1CCC[C@H]1C(=O)N[C@@H](CCC(=O)O)C(=O)O
FFGG,0,N[C@@H](Cc1ccccc1)C(=O)N[C@@H](Cc1ccccc1)C(=O)NCC(=O)NCC(=O)O
WWW,0,N[C@@H](Cc1c[nH]c2c1cccc2)C(=O)N[C@@H](Cc1c[nH]c2c1cccc2)C(=O)N[C@@H](Cc1c[nH]c2c1cccc2)C(=O)O
FFF,0,N[C@@H](Cc1ccccc1)C(=O)N[C@@H](Cc1ccccc1)C(=O)N[C@@H](Cc1ccccc1)C(=O)O
WP,0,N[C@@H](Cc1c[nH]c2c1cccc2)C(=O)N1CCC[C@H]1C(=O)O
WL,0,CC(C)C[C@H](NC(=O)[C@@H](N)Cc1c[nH]c2c1cccc2)C(=O)O
NENLL,0,CC(C)C[C@H](NC(=O)[C@H](CC(C)C)NC(=O)[C@H](CC(N)=O)NC(=O)[C@H](CCC(=O)O)NC(=O)[C@@H](N)CC(N)=O)C(=O)O
NALEPDHRVE,0,CC(C)C[C@H](NC(=O)[C@H](C)NC(=O)[C@@H](N)CC(N)=O)C(=O)N[C@@H](CCC(=O)O)C(=O)N1CCC[C@H]1C(=O)N[C@@H](CC(=O)O)C(=O)N[C@@H](Cc1c[nH]cn1)C(=O)N[C@@H](CCCNC(=N)N)C(=O)N[C@H](C(=O)N[C@@H](CCC(=O)O)C(=O)O)C(C)C
EF,0,N[C@@H](CCC(=O)O)C(=O)N[C@@H](Cc1ccccc1)C(=O)O
VYPFGGGINH,0,CC[C@H](C)[C@H](NC(=O)CNC(=O)CNC(=O)CNC(=O)[C@H](Cc1ccccc1)NC(=O)[C@@H]1CCCN1C(=O)[C@H](Cc1ccc(O)cc1)NC(=O)[C@@H](N)C(C)C)C(=O)N[C@@H](CC(N)=O)C(=O)N[C@@H](Cc1c[nH]cn1)C(=O)O
DV,0,CC(C)[C@H](NC(=O)[C@@H](N)CC(=O)O)C(=O)O
DLL,0,CC(C)C[C@H](NC(=O)[C@H](CC(C)C)NC(=O)[C@@H](N)CC(=O)O)C(=O)O
LLG,0,CC(C)C[C@H](N)C(=O)N[C@@H](CC(C)C)C(=O)NCC(=O)O
VVV,0,CC(C)[C@H](N)C(=O)N[C@H](C(=O)N[C@H](C(=O)O)C(C)C)C(C)C
VPPFLQ,0,CC(C)C[C@H](NC(=O)[C@H](Cc1ccccc1)NC(=O)[C@@H]1CCCN1C(=O)[C@@H]1CCCN1C(=O)[C@@H](N)C(C)C)C(=O)N[C@@H](CCC(N)=O)C(=O)O
LGYLEQLL,0,CC(C)C[C@H](N)C(=O)NCC(=O)N[C@@H](Cc1ccc(O)cc1)C(=O)N[C@@H](CC(C)C)C(=O)N[C@@H](CCC(=O)O)C(=O)N[C@@H](CCC(N)=O)C(=O)N[C@@H](CC(C)C)C(=O)N[C@@H](CC(C)C)C(=O)O
APKHKEMPFPKYPVEPF,0,CSCC[C@H](NC(=O)[C@H](CCC(=O)O)NC(=O)[C@H](CCCCN)NC(=O)[C@H](Cc1c[nH]cn1)NC(=O)[C@H](CCCCN)NC(=O)[C@@H]1CCCN1C(=O)[C@H](C)N)C(=O)N1CCC[C@H]1C(=O)N[C@@H](Cc1ccccc1)C(=O)N1CCC[C@H]1C(=O)N[C@@H](CCCCN)C(=O)N[C@@H](Cc1ccc(O)cc1)C(=O)N1CCC[C@H]1C(=O)N[C@H](C(=O)N[C@@H](CCC(=O)O)C(=O)N1CCC[C@H]1C(=O)N[C@@H](Cc1ccccc1)C(=O)O)C(C)C
AL,0,CC(C)C[C@H](NC(=O)[C@H](C)N)C(=O)O
VIIPFPGR,0,CC[C@H](C)[C@H](NC(=O)[C@@H](N)C(C)C)C(=O)N[C@H](C(=O)N1CCC[C@H]1C(=O)N[C@@H](Cc1ccccc1)C(=O)N1CCC[C@H]1C(=O)NCC(=O)N[C@@H](CCCNC(=N)N)C(=O)O)[C@@H](C)CC
VIIPFPG,0,CC[C@H](C)[C@H](NC(=O)[C@@H](N)C(C)C)C(=O)N[C@H](C(=O)N1CCC[C@H]1C(=O)N[C@@H](Cc1ccccc1)C(=O)N1CCC[C@H]1C(=O)NCC(=O)O)[C@@H](C)CC
LEQLL,0,CC(C)C[C@H](N)C(=O)N[C@@H](CCC(=O)O)C(=O)N[C@@H](CCC(N)=O)C(=O)N[C@@H](CC(C)C)C(=O)N[C@@H](CC(C)C)C(=O)O
AGNPDIEHPE,0,CC[C@H](C)[C@H](NC(=O)[C@H](CC(=O)O)NC(=O)[C@@H]1CCCN1C(=O)[C@H](CC(N)=O)NC(=O)CNC(=O)[C@H](C)N)C(=O)N[C@@H](CCC(=O)O)C(=O)N[C@@H](Cc1c[nH]cn1)C(=O)N1CCC[C@H]1C(=O)N[C@@H](CCC(=O)O)C(=O)O
KP,0,NCCCC[C@H](N)C(=O)N1CCC[C@H]1C(=O)O
RRPP,0,N=C(N)NCCC[C@H](N)C(=O)N[C@@H](CCCNC(=N)N)C(=O)N1CCC[C@H]1C(=O)N1CCC[C@H]1C(=O)O
RR,0,N=C(N)NCCC[C@H](N)C(=O)N[C@@H](CCCNC(=N)N)C(=O)O
RPPFIV,0,CC[C@H](C)[C@H](NC(=O)[C@H](Cc1ccccc1)NC(=O)[C@@H]1CCCN1C(=O)[C@@H]1CCCN1C(=O)[C@@H](N)CCCNC(=N)N)C(=O)N[C@H](C(=O)O)C(C)C
IN,0,CC[C@H](C)[C@H](N)C(=O)N[C@@H](CC(N)=O)C(=O)O
II,0,CC[C@H](C)[C@H](N)C(=O)N[C@H](C(=O)O)[C@@H](C)CC
RPGF,0,N=C(N)NCCC[C@H](N)C(=O)N1CCC[C@H]1C(=O)NCC(=O)N[C@@H](Cc1ccccc1)C(=O)O
ID,0,CC[C@H](C)[C@H](N)C(=O)N[C@@H](CC(=O)O)C(=O)O
IA,0,CC[C@H](C)[C@H](N)C(=O)N[C@@H](C)C(=O)O
GW,0,NCC(=O)N[C@@H](Cc1c[nH]c2c1cccc2)C(=O)O
RGPPGGF,0,N=C(N)NCCC[C@H](N)C(=O)NCC(=O)N1CCC[C@H]1C(=O)N1CCC[C@H]1C(=O)NCC(=O)NCC(=O)N[C@@H](Cc1ccccc1)C(=O)O
RGPPGFG,0,N=C(N)NCCC[C@H](N)C(=O)NCC(=O)N1CCC[C@H]1C(=O)N1CCC[C@H]1C(=O)NCC(=O)N[C@@H](Cc1ccccc1)C(=O)NCC(=O)O
GPPFIV,0,CC[C@H](C)[C@H](NC(=O)[C@H](Cc1ccccc1)NC(=O)[C@@H]1CCCN1C(=O)[C@@H]1CCCN1C(=O)CN)C(=O)N[C@H](C(=O)O)C(C)C
RGPPFIVRGPPFIV,0,CC[C@H](C)[C@H](NC(=O)[C@H](Cc1ccccc1)NC(=O)[C@@H]1CCCN1C(=O)[C@@H]1CCCN1C(=O)CNC(=O)[C@H](CCCNC(=N)N)NC(=O)[C@@H](NC(=O)[C@@H](NC(=O)[C@H](Cc1ccccc1)NC(=O)[C@@H]1CCCN1C(=O)[C@@H]1CCCN1C(=O)CNC(=O)[C@@H](N)CCCNC(=N)N)[C@@H](C)CC)C(C)C)C(=O)N[C@H](C(=O)O)C(C)C
RGPPFIVGG,0,CC[C@H](C)[C@H](NC(=O)[C@H](Cc1ccccc1)NC(=O)[C@@H]1CCCN1C(=O)[C@@H]1CCCN1C(=O)CNC(=O)[C@@H](N)CCCNC(=N)N)C(=O)N[C@H](C(=O)NCC(=O)NCC(=O)O)C(C)C
GMIYPG,0,CC[C@H](C)[C@H](NC(=O)[C@H](CCSC)NC(=O)CN)C(=O)N[C@@H](Cc1ccc(O)cc1)C(=O)N1CCC[C@H]1C(=O)NCC(=O)O
RGPKPIIV,0,CC[C@H](C)[C@H](NC(=O)[C@@H](NC(=O)[C@@H]1CCCN1C(=O)[C@H](CCCCN)NC(=O)[C@@H]1CCCN1C(=O)CNC(=O)[C@@H](N)CCCNC(=N)N)[C@@H](C)CC)C(=O)N[C@H](C(=O)O)C(C)C
GLGGG,0,CC(C)C[C@H](NC(=O)CN)C(=O)NCC(=O)NCC(=O)NCC(=O)O
GI,0,CC[C@H](C)[C@H](NC(=O)CN)C(=O)O
RGGFIV,0,CC[C@H](C)[C@H](NC(=O)[C@H](Cc1ccccc1)NC(=O)CNC(=O)CNC(=O)[C@@H](N)CCCNC(=N)N)C(=O)N[C@H](C(=O)O)C(C)C
RF,0,N=C(N)NCCC[C@H](N)C(=O)N[C@@H](Cc1ccccc1)C(=O)O
RDMPIQAFLLY,0,CC[C@H](C)[C@H](NC(=O)[C@@H]1CCCN1C(=O)[C@H](CCSC)NC(=O)[C@H](CC(=O)O)NC(=O)[C@@H](N)CCCNC(=N)N)C(=O)N[C@@H](CCC(N)=O)C(=O)N[C@@H](C)C(=O)N[C@@H](Cc1ccccc1)C(=O)N[C@@H](CC(C)C)C(=O)N[C@@H](CC(C)C)C(=O)N[C@@H](Cc1ccc(O)cc1)C(=O)O
QNDKIHPFAQTQSLVYPFGPIPNSLPQNIPPLTQTPVVV,0,CC[C@H](C)[C@H](NC(=O)[C@H](CCCCN)NC(=O)[C@H](CC(=O)O)NC(=O)[C@H](CC(N)=O)NC(=O)[C@@H](N)CCC(N)=O)C(=O)N[C@@H](Cc1c[nH]cn1)C(=O)N1CCC[C@H]1C(=O)N[C@@H](Cc1ccccc1)C(=O)N[C@@H](C)C(=O)N[C@@H](CCC(N)=O)C(=O)N[C@H](C(=O)N[C@@H](CCC(N)=O)C(=O)N[C@@H](CO)C(=O)N[C@@H](CC(C)C)C(=O)N[C@H](C(=O)N[C@@H](Cc1ccc(O)cc1)C(=O)N1CCC[C@H]1C(=O)N[C@@H](Cc1ccccc1)C(=O)NCC(=O)N1CCC[C@H]1C(=O)N[C@H](C(=O)N1CCC[C@H]1C(=O)N[C@@H](CC(N)=O)C(=O)N[C@@H](CO)C(=O)N[C@@H](CC(C)C)C(=O)N1CCC[C@H]1C(=O)N[C@@H](CCC(N)=O)C(=O)N[C@@H](CC(N)=O)C(=O)N[C@H](C(=O)N1CCC[C@H]1C(=O)N1CCC[C@H]1C(=O)N[C@@H](CC(C)C)C(=O)N[C@H](C(=O)N[C@@H](CCC(N)=O)C(=O)N[C@H](C(=O)N1CCC[C@H]1C(=O)N[C@H](C(=O)N[C@H](C(=O)N[C@H](C(=O)O)C(C)C)C(C)C)C(C)C)[C@@H](C)O)[C@@H](C)O)[C@@H](C)CC)[C@@H](C)CC)C(C)C)[C@@H](C)O
GGLG,0,CC(C)C[C@H](NC(=O)CNC(=O)CN)C(=O)NCC(=O)O
QLFNPSTNPWH,0,CC(C)C[C@H](NC(=O)[C@@H](N)CCC(N)=O)C(=O)N[C@@H](Cc1ccccc1)C(=O)N[C@@H](CC(N)=O)C(=O)N1CCC[C@H]1C(=O)N[C@@H](CO)C(=O)N[C@H](C(=O)N[C@@H](CC(N)=O)C(=O)N1CCC[C@H]1C(=O)N[C@@H](Cc1c[nH]c2c1cccc2)C(=O)N[C@@H](Cc1c[nH]cn1)C(=O)O)[C@@H](C)O
FYPELFR,0,CC(C)C[C@H](NC(=O)[C@H](CCC(=O)O)NC(=O)[C@@H]1CCCN1C(=O)[C@H](Cc1ccc(O)cc1)NC(=O)[C@@H](N)Cc1ccccc1)C(=O)N[C@@H](Cc1ccccc1)C(=O)N[C@@H](CCCNC(=N)N)C(=O)O
FYPE,0,N[C@@H](Cc1ccccc1)C(=O)N[C@@H](Cc1ccc(O)cc1)C(=O)N1CCC[C@H]1C(=O)N[C@@H](CCC(=O)O)C(=O)O
PR,0,N=C(N)NCCC[C@H](NC(=O)[C@@H]1CCCN1)C(=O)O
RKE,1,N=C(N)NCCC[C@H](N)C(=O)N[C@@H](CCCCN)C(=O)N[C@@H](CCC(=O)O)C(=O)O
VAV,1,CC(C)[C@H](N)C(=O)N[C@@H](C)C(=O)N[C@H](C(=O)O)C(C)C
KGDEESLA,1,CC(C)C[C@H](NC(=O)[C@H](CO)NC(=O)[C@H](CCC(=O)O)NC(=O)[C@H](CCC(=O)O)NC(=O)[C@H](CC(=O)O)NC(=O)CNC(=O)[C@@H](N)CCCCN)C(=O)N[C@@H](C)C(=O)O
SAEQK,1,C[C@H](NC(=O)[C@@H](N)CO)C(=O)N[C@@H](CCC(=O)O)C(=O)N[C@@H](CCC(N)=O)C(=O)N[C@@H](CCCCN)C(=O)O
CM,1,CSCC[C@H](NC(=O)[C@@H](N)CS)C(=O)O
DG,1,N[C@@H](CC(=O)O)C(=O)NCC(=O)O
DE,1,N[C@@H](CC(=O)O)C(=O)N[C@@H](CCC(=O)O)C(=O)O
EEL,1,CC(C)C[C@H](NC(=O)[C@H](CCC(=O)O)NC(=O)[C@@H](N)CCC(=O)O)C(=O)O
LVG,1,CC(C)C[C@H](N)C(=O)N[C@H](C(=O)NCC(=O)O)C(C)C
SLAKGDEE,1,CC(C)C[C@H](NC(=O)[C@@H](N)CO)C(=O)N[C@@H](C)C(=O)N[C@@H](CCCCN)C(=O)NCC(=O)N[C@@H](CC(=O)O)C(=O)N[C@@H](CCC(=O)O)C(=O)N[C@@H](CCC(=O)O)C(=O)O
DD,1,N[C@@H](CC(=O)O)C(=O)N[C@@H](CC(=O)O)C(=O)O
VGG,1,CC(C)[C@H](N)C(=O)NCC(=O)NCC(=O)O
EEE,1,N[C@@H](CCC(=O)O)C(=O)N[C@@H](CCC(=O)O)C(=O)N[C@@H](CCC(=O)O)C(=O)O
LSERYP,1,CC(C)C[C@H](N)C(=O)N[C@@H](CO)C(=O)N[C@@H](CCC(=O)O)C(=O)N[C@@H](CCCNC(=N)N)C(=O)N[C@@H](Cc1ccc(O)cc1)C(=O)N1CCC[C@H]1C(=O)O
GCG,1,NCC(=O)N[C@@H](CS)C(=O)NCC(=O)O
AHSVRFY,1,CC(C)[C@H](NC(=O)[C@H](CO)NC(=O)[C@H](Cc1c[nH]cn1)NC(=O)[C@H](C)N)C(=O)N[C@@H](CCCNC(=N)N)C(=O)N[C@@H](Cc1ccccc1)C(=O)N[C@@H](Cc1ccc(O)cc1)C(=O)O
EEEQ,1,NC(=O)CC[C@H](NC(=O)[C@H](CCC(=O)O)NC(=O)[C@H](CCC(=O)O)NC(=O)[C@@H](N)CCC(=O)O)C(=O)O
YGGTPPFV,1,CC(C)[C@H](NC(=O)[C@H](Cc1ccccc1)NC(=O)[C@@H]1CCCN1C(=O)[C@@H]1CCCN1C(=O)[C@@H](NC(=O)CNC(=O)CNC(=O)[C@@H](N)Cc1ccc(O)cc1)[C@@H](C)O)C(=O)O
EN,1,NC(=O)C[C@H](NC(=O)[C@@H](N)CCC(=O)O)C(=O)O
LPEEV,1,CC(C)C[C@H](N)C(=O)N1CCC[C@H]1C(=O)N[C@@H](CCC(=O)O)C(=O)N[C@@H](CCC(=O)O)C(=O)N[C@H](C(=O)O)C(C)C
ASNMSDL,1,CSCC[C@H](NC(=O)[C@H](CC(N)=O)NC(=O)[C@H](CO)NC(=O)[C@H](C)N)C(=O)N[C@@H](CO)C(=O)N[C@@H](CC(=O)O)C(=O)N[C@@H](CC(C)C)C(=O)O
EINEL,1,CC[C@H](C)[C@H](NC(=O)[C@@H](N)CCC(=O)O)C(=O)N[C@@H](CC(N)=O)C(=O)N[C@@H](CCC(=O)O)C(=O)N[C@@H](CC(C)C)C(=O)O
EE,1,N[C@@H](CCC(=O)O)C(=O)N[C@@H](CCC(=O)O)C(=O)O
SE,1,N[C@@H](CO)C(=O)N[C@@H](CCC(=O)O)C(=O)O
GDG,1,NCC(=O)N[C@@H](CC(=O)O)C(=O)NCC(=O)O
VDV,1,CC(C)[C@H](N)C(=O)N[C@@H](CC(=O)O)C(=O)N[C@H](C(=O)O)C(C)C
PVARMCR,1,CSCC[C@H](NC(=O)[C@H](CCCNC(=N)N)NC(=O)[C@H](C)NC(=O)[C@@H](NC(=O)[C@@H]1CCCN1)C(C)C)C(=O)N[C@@H](CS)C(=O)N[C@@H](CCCNC(=N)N)C(=O)O
VTADESQQDVLK,1,CC(C)C[C@H](NC(=O)[C@@H](NC(=O)[C@H](CC(=O)O)NC(=O)[C@H](CCC(N)=O)NC(=O)[C@H](CCC(N)=O)NC(=O)[C@H](CO)NC(=O)[C@H](CCC(=O)O)NC(=O)[C@H](CC(=O)O)NC(=O)[C@H](C)NC(=O)[C@@H](NC(=O)[C@@H](N)C(C)C)[C@@H](C)O)C(C)C)C(=O)N[C@@H](CCCCN)C(=O)O
VV,1,CC(C)[C@H](N)C(=O)N[C@H](C(=O)O)C(C)C
DPQ,1,NC(=O)CC[C@H](NC(=O)[C@@H]1CCCN1C(=O)[C@@H](N)CC(=O)O)C(=O)O
EQEEL,1,CC(C)C[C@H](NC(=O)[C@H](CCC(=O)O)NC(=O)[C@H](CCC(=O)O)NC(=O)[C@H](CCC(N)=O)NC(=O)[C@@H](N)CCC(=O)O)C(=O)O
HCHTN,1,C[C@@H](O)[C@H](NC(=O)[C@H](Cc1c[nH]cn1)NC(=O)[C@H](CS)NC(=O)[C@@H](N)Cc1c[nH]cn1)C(=O)N[C@@H](CC(N)=O)C(=O)O
VVGET,1,CC(C)[C@H](N)C(=O)N[C@H](C(=O)NCC(=O)N[C@@H](CCC(=O)O)C(=O)N[C@H](C(=O)O)[C@@H](C)O)C(C)C
NVVGET,1,CC(C)[C@H](NC(=O)[C@@H](N)CC(N)=O)C(=O)N[C@H](C(=O)NCC(=O)N[C@@H](CCC(=O)O)C(=O)N[C@H](C(=O)O)[C@@H](C)O)C(C)C
ENINEL,1,CC[C@H](C)[C@H](NC(=O)[C@H](CC(N)=O)NC(=O)[C@@H](N)CCC(=O)O)C(=O)N[C@@H](CC(N)=O)C(=O)N[C@@H](CCC(=O)O)C(=O)N[C@@H](CC(C)C)C(=O)O
SF,1,N[C@@H](CO)C(=O)N[C@@H](Cc1ccccc1)C(=O)O
LV,1,CC(C)C[C@H](N)C(=O)N[C@H](C(=O)O)C(C)C
DEE,1,N[C@@H](CC(=O)O)C(=O)N[C@@H](CCC(=O)O)C(=O)N[C@@H](CCC(=O)O)C(=O)O
EA,1,C[C@H](NC(=O)[C@@H](N)CCC(=O)O)C(=O)O
INEL,1,CC[C@H](C)[C@H](N)C(=O)N[C@@H](CC(N)=O)C(=O)N[C@@H](CCC(=O)O)C(=O)N[C@@H](CC(C)C)C(=O)O
SEE,1,N[C@@H](CO)C(=O)N[C@@H](CCC(=O)O)C(=O)N[C@@H](CCC(=O)O)C(=O)O
AQALQAQA,1,CC(C)C[C@H](NC(=O)[C@H](C)NC(=O)[C@H](CCC(N)=O)NC(=O)[C@H](C)N)C(=O)N[C@@H](CCC(N)=O)C(=O)N[C@@H](C)C(=O)N[C@@H](CCC(N)=O)C(=O)N[C@@H](C)C(=O)O
LQPLNAH,1,CC(C)C[C@H](N)C(=O)N[C@@H](CCC(N)=O)C(=O)N1CCC[C@H]1C(=O)N[C@@H](CC(C)C)C(=O)N[C@@H](CC(N)=O)C(=O)N[C@@H](C)C(=O)N[C@@H](Cc1c[nH]cn1)C(=O)O
KGRYER,1,N=C(N)NCCC[C@H](NC(=O)[C@H](CCC(=O)O)NC(=O)[C@H](Cc1ccc(O)cc1)NC(=O)[C@H](CCCNC(=N)N)NC(=O)CNC(=O)[C@@H](N)CCCCN)C(=O)O
GLLPDGTPR,1,CC(C)C[C@H](NC(=O)CN)C(=O)N[C@@H](CC(C)C)C(=O)N1CCC[C@H]1C(=O)N[C@@H](CC(=O)O)C(=O)NCC(=O)N[C@H](C(=O)N1CCC[C@H]1C(=O)N[C@@H](CCCNC(=N)N)C(=O)O)[C@@H](C)O
DES,1,N[C@@H](CC(=O)O)C(=O)N[C@@H](CCC(=O)O)C(=O)N[C@@H](CO)C(=O)O
PDKPNT,1,C[C@@H](O)[C@H](NC(=O)[C@H](CC(N)=O)NC(=O)[C@@H]1CCCN1C(=O)[C@H](CCCCN)NC(=O)[C@H](CC(=O)O)NC(=O)[C@@H]1CCCN1)C(=O)O
EGS,1,N[C@@H](CCC(=O)O)C(=O)NCC(=O)N[C@@H](CO)C(=O)O
EP,1,N[C@@H](CCC(=O)O)C(=O)N1CCC[C@H]1C(=O)O
CCNKSV,1,CC(C)[C@H](NC(=O)[C@H](CO)NC(=O)[C@H](CCCCN)NC(=O)[C@H](CC(N)=O)NC(=O)[C@H](CS)NC(=O)[C@@H](N)CS)C(=O)O
LGAGGSLA,1,CC(C)C[C@H](N)C(=O)NCC(=O)N[C@@H](C)C(=O)NCC(=O)NCC(=O)N[C@@H](CO)C(=O)N[C@@H](CC(C)C)C(=O)N[C@@H](C)C(=O)O
QVAIAHRDAK,1,CC[C@H](C)[C@H](NC(=O)[C@H](C)NC(=O)[C@@H](NC(=O)[C@@H](N)CCC(N)=O)C(C)C)C(=O)N[C@@H](C)C(=O)N[C@@H](Cc1c[nH]cn1)C(=O)N[C@@H](CCCNC(=N)N)C(=O)N[C@@H](CC(=O)O)C(=O)N[C@@H](C)C(=O)N[C@@H](CCCCN)C(=O)O
DQR,1,N=C(N)NCCC[C@H](NC(=O)[C@H](CCC(N)=O)NC(=O)[C@@H](N)CC(=O)O)C(=O)O
ALPEEV,1,CC(C)C[C@H](NC(=O)[C@H](C)N)C(=O)N1CCC[C@H]1C(=O)N[C@@H](CCC(=O)O)C(=O)N[C@@H](CCC(=O)O)C(=O)N[C@H](C(=O)O)C(C)C
GGY,1,NCC(=O)NCC(=O)N[C@@H](Cc1ccc(O)cc1)C(=O)O
EQQQQ,1,NC(=O)CC[C@H](NC(=O)[C@H](CCC(N)=O)NC(=O)[C@H](CCC(N)=O)NC(=O)[C@H](CCC(N)=O)NC(=O)[C@@H](N)CCC(=O)O)C(=O)O
VE,1,CC(C)[C@H](N)C(=O)N[C@@H](CCC(=O)O)C(=O)O
SPE,1,N[C@@H](CO)C(=O)N1CCC[C@H]1C(=O)N[C@@H](CCC(=O)O)C(=O)O
ET,1,C[C@@H](O)[C@H](NC(=O)[C@@H](N)CCC(=O)O)C(=O)O
ENE,1,NC(=O)C[C@H](NC(=O)[C@@H](N)CCC(=O)O)C(=O)N[C@@H](CCC(=O)O)C(=O)O
VD,1,CC(C)[C@H](N)C(=O)N[C@@H](CC(=O)O)C(=O)O
PET,1,C[C@@H](O)[C@H](NC(=O)[C@H](CCC(=O)O)NC(=O)[C@@H]1CCCN1)C(=O)O
KGNEESLA,1,CC(C)C[C@H](NC(=O)[C@H](CO)NC(=O)[C@H](CCC(=O)O)NC(=O)[C@H](CCC(=O)O)NC(=O)[C@H](CC(N)=O)NC(=O)CNC(=O)[C@@H](N)CCCCN)C(=O)N[C@@H](C)C(=O)O
EDV,1,CC(C)[C@H](NC(=O)[C@H](CC(=O)O)NC(=O)[C@@H](N)CCC(=O)O)C(=O)O
DA,1,C[C@H](NC(=O)[C@@H](N)CC(=O)O)C(=O)O
ANPGPVRDLR,1,CC(C)C[C@H](NC(=O)[C@H](CC(=O)O)NC(=O)[C@H](CCCNC(=N)N)NC(=O)[C@@H](NC(=O)[C@@H]1CCCN1C(=O)CNC(=O)[C@@H]1CCCN1C(=O)[C@H](CC(N)=O)NC(=O)[C@H](C)N)C(C)C)C(=O)N[C@@H](CCCNC(=N)N)C(=O)O
QL,1,CC(C)C[C@H](NC(=O)[C@@H](N)CCC(N)=O)C(=O)O
RGENESDEQGAIVT,1,CC[C@H](C)[C@H](NC(=O)[C@H](C)NC(=O)CNC(=O)[C@H](CCC(N)=O)NC(=O)[C@H](CCC(=O)O)NC(=O)[C@H](CC(=O)O)NC(=O)[C@H](CO)NC(=O)[C@H](CCC(=O)O)NC(=O)[C@H](CC(N)=O)NC(=O)[C@H](CCC(=O)O)NC(=O)CNC(=O)[C@@H](N)CCCNC(=N)N)C(=O)N[C@H](C(=O)N[C@H](C(=O)O)[C@@H](C)O)C(C)C
EG,1,N[C@@H](CCC(=O)O)C(=O)NCC(=O)O
AE,1,C[C@H](N)C(=O)N[C@@H](CCC(=O)O)C(=O)O
NNP,1,NC(=O)C[C@H](N)C(=O)N[C@@H](CC(N)=O)C(=O)N1CCC[C@H]1C(=O)O
VRSY,1,CC(C)[C@H](N)C(=O)N[C@@H](CCCNC(=N)N)C(=O)N[C@@H](CO)C(=O)N[C@@H](Cc1ccc(O)cc1)C(=O)O
LDL,1,CC(C)C[C@H](N)C(=O)N[C@@H](CC(=O)O)C(=O)N[C@@H](CC(C)C)C(=O)O
RPNPFENR,1,N=C(N)NCCC[C@H](N)C(=O)N1CCC[C@H]1C(=O)N[C@@H](CC(N)=O)C(=O)N1CCC[C@H]1C(=O)N[C@@H](Cc1ccccc1)C(=O)N[C@@H](CCC(=O)O)C(=O)N[C@@H](CC(N)=O)C(=O)N[C@@H](CCCNC(=N)N)C(=O)O
NGKET,1,C[C@@H](O)[C@H](NC(=O)[C@H](CCC(=O)O)NC(=O)[C@H](CCCCN)NC(=O)CNC(=O)[C@@H](N)CC(N)=O)C(=O)O
EK,1,NCCCC[C@H](NC(=O)[C@@H](N)CCC(=O)O)C(=O)O
SSRNEQSR,1,N=C(N)NCCC[C@H](NC(=O)[C@H](CO)NC(=O)[C@H](CCC(N)=O)NC(=O)[C@H](CCC(=O)O)NC(=O)[C@H](CC(N)=O)NC(=O)[C@H](CCCNC(=N)N)NC(=O)[C@H](CO)NC(=O)[C@@H](N)CO)C(=O)O
EQE,1,NC(=O)CC[C@H](NC(=O)[C@@H](N)CCC(=O)O)C(=O)N[C@@H](CCC(=O)O)C(=O)O
RGENESEEEGAIVT,1,CC[C@H](C)[C@H](NC(=O)[C@H](C)NC(=O)CNC(=O)[C@H](CCC(=O)O)NC(=O)[C@H](CCC(=O)O)NC(=O)[C@H](CCC(=O)O)NC(=O)[C@H](CO)NC(=O)[C@H](CCC(=O)O)NC(=O)[C@H](CC(N)=O)NC(=O)[C@H](CCC(=O)O)NC(=O)CNC(=O)[C@@H](N)CCCNC(=N)N)C(=O)N[C@H](C(=O)N[C@H](C(=O)O)[C@@H](C)O)C(C)C
DDD,1,N[C@@H](CC(=O)O)C(=O)N[C@@H](CC(=O)O)C(=O)N[C@@H](CC(=O)O)C(=O)O
EGSEAPDGSSR,1,C[C@H](NC(=O)[C@H](CCC(=O)O)NC(=O)[C@H](CO)NC(=O)CNC(=O)[C@@H](N)CCC(=O)O)C(=O)N1CCC[C@H]1C(=O)N[C@@H](CC(=O)O)C(=O)NCC(=O)N[C@@H](CO)C(=O)N[C@@H](CO)C(=O)N[C@@H](CCCNC(=N)N)C(=O)O
NRTF,1,C[C@@H](O)[C@H](NC(=O)[C@H](CCCNC(=N)N)NC(=O)[C@@H](N)CC(N)=O)C(=O)N[C@@H](Cc1ccccc1)C(=O)O
PE,1,O=C(O)CC[C@H](NC(=O)[C@@H]1CCCN1)C(=O)O
NY,1,NC(=O)C[C@H](N)C(=O)N[C@@H](Cc1ccc(O)cc1)C(=O)O
KGSLADEE,1,CC(C)C[C@H](NC(=O)[C@H](CO)NC(=O)CNC(=O)[C@@H](N)CCCCN)C(=O)N[C@@H](C)C(=O)N[C@@H](CC(=O)O)C(=O)N[C@@H](CCC(=O)O)C(=O)N[C@@H](CCC(=O)O)C(=O)O
VPY,1,CC(C)[C@H](N)C(=O)N1CCC[C@H]1C(=O)N[C@@H](Cc1ccc(O)cc1)C(=O)O
EL,1,CC(C)C[C@H](NC(=O)[C@@H](N)CCC(=O)O)C(=O)O
EY,1,N[C@@H](CCC(=O)O)C(=O)N[C@@H](Cc1ccc(O)cc1)C(=O)O
RPLGNC,1,CC(C)C[C@H](NC(=O)[C@@H]1CCCN1C(=O)[C@@H](N)CCCNC(=N)N)C(=O)NCC(=O)N[C@@H](CC(N)=O)C(=O)N[C@@H](CS)C(=O)O
VLPTDQNFILR,1,CC[C@H](C)[C@H](NC(=O)[C@H](Cc1ccccc1)NC(=O)[C@H](CC(N)=O)NC(=O)[C@H](CCC(N)=O)NC(=O)[C@H](CC(=O)O)NC(=O)[C@@H](NC(=O)[C@@H]1CCCN1C(=O)[C@H](CC(C)C)NC(=O)[C@@H](N)C(C)C)[C@@H](C)O)C(=O)N[C@@H](CC(C)C)C(=O)N[C@@H](CCCNC(=N)N)C(=O)O
DDE,1,N[C@@H](CC(=O)O)C(=O)N[C@@H](CC(=O)O)C(=O)N[C@@H](CCC(=O)O)C(=O)O
VEV,1,CC(C)[C@H](N)C(=O)N[C@@H](CCC(=O)O)C(=O)N[C@H](C(=O)O)C(C)C
RL,1,CC(C)C[C@H](NC(=O)[C@@H](N)CCCNC(=N)N)C(=O)O
SLADEEKG,1,CC(C)C[C@H](NC(=O)[C@@H](N)CO)C(=O)N[C@@H](C)C(=O)N[C@@H](CC(=O)O)C(=O)N[C@@H](CCC(=O)O)C(=O)N[C@@H](CCC(=O)O)C(=O)N[C@@H](CCCCN)C(=O)NCC(=O)O
ADE,1,C[C@H](N)C(=O)N[C@@H](CC(=O)O)C(=O)N[C@@H](CCC(=O)O)C(=O)O
KG,1,NCCCC[C@H](N)C(=O)NCC(=O)O
EDD,1,N[C@@H](CCC(=O)O)C(=O)N[C@@H](CC(=O)O)C(=O)N[C@@H](CC(=O)O)C(=O)O
ADA,1,C[C@H](N)C(=O)N[C@@H](CC(=O)O)C(=O)N[C@@H](C)C(=O)O
EDF,1,N[C@@H](CCC(=O)O)C(=O)N[C@@H](CC(=O)O)C(=O)N[C@@H](Cc1ccccc1)C(=O)O
TE,1,C[C@@H](O)[C@H](N)C(=O)N[C@@H](CCC(=O)O)C(=O)O
QEEL,1,CC(C)C[C@H](NC(=O)[C@H](CCC(=O)O)NC(=O)[C@H](CCC(=O)O)NC(=O)[C@@H](N)CCC(N)=O)C(=O)O
ES,1,N[C@@H](CCC(=O)O)C(=O)N[C@@H](CO)C(=O)O
GEG,1,NCC(=O)N[C@@H](CCC(=O)O)C(=O)NCC(=O)O
PAA,1,C[C@H](NC(=O)[C@H](C)NC(=O)[C@@H]1CCCN1)C(=O)O
EDE,1,N[C@@H](CCC(=O)O)C(=O)N[C@@H](CC(=O)O)C(=O)N[C@@H](CCC(=O)O)C(=O)O
EEDGK,1,NCCCC[C@H](NC(=O)CNC(=O)[C@H](CC(=O)O)NC(=O)[C@H](CCC(=O)O)NC(=O)[C@@H](N)CCC(=O)O)C(=O)O
AD,1,C[C@H](N)C(=O)N[C@@H](CC(=O)O)C(=O)O
VDR,1,CC(C)[C@H](N)C(=O)N[C@@H](CC(=O)O)C(=O)N[C@@H](CCCNC(=N)N)C(=O)O
DDDD,1,N[C@@H](CC(=O)O)C(=O)N[C@@H](CC(=O)O)C(=O)N[C@@H](CC(=O)O)C(=O)N[C@@H](CC(=O)O)C(=O)O
GE,1,NCC(=O)N[C@@H](CCC(=O)O)C(=O)O
ED,1,N[C@@H](CCC(=O)O)C(=O)N[C@@H](CC(=O)O)C(=O)O
TLRRCM,1,CSCC[C@H](NC(=O)[C@H](CS)NC(=O)[C@H](CCCNC(=N)N)NC(=O)[C@H](CCCNC(=N)N)NC(=O)[C@H](CC(C)C)NC(=O)[C@@H](N)[C@@H](C)O)C(=O)O
EQPQQNE,0,NC(=O)CC[C@H](NC(=O)[C@H](CCC(N)=O)NC(=O)[C@@H]1CCCN1C(=O)[C@H](CCC(N)=O)NC(=O)[C@@H](N)CCC(=O)O)C(=O)N[C@@H](CC(N)=O)C(=O)N[C@@H](CCC(=O)O)C(=O)O
QDKIHPFAQTQSLVYPFPGP,0,CC[C@H](C)[C@H](NC(=O)[C@H](CCCCN)NC(=O)[C@H](CC(=O)O)NC(=O)[C@@H](N)CCC(N)=O)C(=O)N[C@@H](Cc1c[nH]cn1)C(=O)N1CCC[C@H]1C(=O)N[C@@H](Cc1ccccc1)C(=O)N[C@@H](C)C(=O)N[C@@H](CCC(N)=O)C(=O)N[C@H](C(=O)N[C@@H](CCC(N)=O)C(=O)N[C@@H](CO)C(=O)N[C@@H](CC(C)C)C(=O)N[C@H](C(=O)N[C@@H](Cc1ccc(O)cc1)C(=O)N1CCC[C@H]1C(=O)N[C@@H](Cc1ccccc1)C(=O)N1CCC[C@H]1C(=O)NCC(=O)N1CCC[C@H]1C(=O)O)C(C)C)[C@@H](C)O
GRP,0,N=C(N)NCCC[C@H](NC(=O)CN)C(=O)N1CCC[C@H]1C(=O)O
FGG,0,N[C@@H](Cc1ccccc1)C(=O)NCC(=O)NCC(=O)O
LAGNQEEE,0,CC(C)C[C@H](N)C(=O)N[C@@H](C)C(=O)NCC(=O)N[C@@H](CC(N)=O)C(=O)N[C@@H](CCC(N)=O)C(=O)N[C@@H](CCC(=O)O)C(=O)N[C@@H](CCC(=O)O)C(=O)N[C@@H](CCC(=O)O)C(=O)O
APK,0,C[C@H](N)C(=O)N1CCC[C@H]1C(=O)N[C@@H](CCCCN)C(=O)O
KPF,0,NCCCC[C@H](N)C(=O)N1CCC[C@H]1C(=O)N[C@@H](Cc1ccccc1)C(=O)O
GGLGG,0,CC(C)C[C@H](NC(=O)CNC(=O)CN)C(=O)NCC(=O)NCC(=O)O
PGI,0,CC[C@H](C)[C@H](NC(=O)CNC(=O)[C@@H]1CCCN1)C(=O)O
AF,0,C[C@H](N)C(=O)N[C@@H](Cc1ccccc1)C(=O)O
YY,0,N[C@@H](Cc1ccc(O)cc1)C(=O)N[C@@H](Cc1ccc(O)cc1)C(=O)O
IG,0,CC[C@H](C)[C@H](N)C(=O)NCC(=O)O
FGGF,0,N[C@@H](Cc1ccccc1)C(=O)NCC(=O)NCC(=O)N[C@@H](Cc1ccccc1)C(=O)O
RPGFF,0,N=C(N)NCCC[C@H](N)C(=O)N1CCC[C@H]1C(=O)NCC(=O)N[C@@H](Cc1ccccc1)C(=O)N[C@@H](Cc1ccccc1)C(=O)O
FGF,0,N[C@@H](Cc1ccccc1)C(=O)NCC(=O)N[C@@H](Cc1ccccc1)C(=O)O
QSKVLPVPQ,0,CC(C)C[C@H](NC(=O)[C@@H](NC(=O)[C@H](CCCCN)NC(=O)[C@H](CO)NC(=O)[C@@H](N)CCC(N)=O)C(C)C)C(=O)N1CCC[C@H]1C(=O)N[C@H](C(=O)N1CCC[C@H]1C(=O)N[C@@H](CCC(N)=O)C(=O)O)C(C)C
GNPDIEHP,0,CC[C@H](C)[C@H](NC(=O)[C@H](CC(=O)O)NC(=O)[C@@H]1CCCN1C(=O)[C@H](CC(N)=O)NC(=O)CN)C(=O)N[C@@H](CCC(=O)O)C(=O)N[C@@H](Cc1c[nH]cn1)C(=O)N1CCC[C@H]1C(=O)O
VYPFPPGIGG,0,CC[C@H](C)[C@H](NC(=O)CNC(=O)[C@@H]1CCCN1C(=O)[C@@H]1CCCN1C(=O)[C@H](Cc1ccccc1)NC(=O)[C@@H]1CCCN1C(=O)[C@H](Cc1ccc(O)cc1)NC(=O)[C@@H](N)C(C)C)C(=O)NCC(=O)NCC(=O)O
GF,0,NCC(=O)N[C@@H](Cc1ccccc1)C(=O)O
IV,0,CC[C@H](C)[C@H](N)C(=O)N[C@H](C(=O)O)C(C)C
RG,0,N=C(N)NCCC[C@H](N)C(=O)NCC(=O)O
FLL,0,CC(C)C[C@H](NC(=O)[C@H](CC(C)C)NC(=O)[C@@H](N)Cc1ccccc1)C(=O)O
GPPF,0,NCC(=O)N1CCC[C@H]1C(=O)N1CCC[C@H]1C(=O)N[C@@H](Cc1ccccc1)C(=O)O
FYPELF,0,CC(C)C[C@H](NC(=O)[C@H](CCC(=O)O)NC(=O)[C@@H]1CCCN1C(=O)[C@H](Cc1ccc(O)cc1)NC(=O)[C@@H](N)Cc1ccccc1)C(=O)N[C@@H](Cc1ccccc1)C(=O)O
KLHENIAR,0,CC[C@H](C)[C@H](NC(=O)[C@H](CC(N)=O)NC(=O)[C@H](CCC(=O)O)NC(=O)[C@H](Cc1c[nH]cn1)NC(=O)[C@H](CC(C)C)NC(=O)[C@@H](N)CCCCN)C(=O)N[C@@H](C)C(=O)N[C@@H](CCCNC(=N)N)C(=O)O
GPG,0,NCC(=O)N1CCC[C@H]1C(=O)NCC(=O)O
LA,0,CC(C)C[C@H](N)C(=O)N[C@@H](C)C(=O)O
YYY,0,N[C@@H](Cc1ccc(O)cc1)C(=O)N[C@@H](Cc1ccc(O)cc1)C(=O)N[C@@H](Cc1ccc(O)cc1)C(=O)O
LGGGG,0,CC(C)C[C@H](N)C(=O)NCC(=O)NCC(=O)NCC(=O)NCC(=O)O
GGP,0,NCC(=O)NCC(=O)N1CCC[C@H]1C(=O)O
YL,0,CC(C)C[C@H](NC(=O)[C@@H](N)Cc1ccc(O)cc1)C(=O)O
QLFGPNVNPWHNP,0,CC(C)C[C@H](NC(=O)[C@@H](N)CCC(N)=O)C(=O)N[C@@H](Cc1ccccc1)C(=O)NCC(=O)N1CCC[C@H]1C(=O)N[C@@H](CC(N)=O)C(=O)N[C@H](C(=O)N[C@@H](CC(N)=O)C(=O)N1CCC[C@H]1C(=O)N[C@@H](Cc1c[nH]c2c1cccc2)C(=O)N[C@@H](Cc1c[nH]cn1)C(=O)N[C@@H](CC(N)=O)C(=O)N1CCC[C@H]1C(=O)O)C(C)C
RGPPFFF,0,N=C(N)NCCC[C@H](N)C(=O)NCC(=O)N1CCC[C@H]1C(=O)N1CCC[C@H]1C(=O)N[C@@H](Cc1ccccc1)C(=O)N[C@@H](Cc1ccccc1)C(=O)N[C@@H](Cc1ccccc1)C(=O)O
RGPPF,0,N=C(N)NCCC[C@H](N)C(=O)NCC(=O)N1CCC[C@H]1C(=O)N1CCC[C@H]1C(=O)N[C@@H](Cc1ccccc1)C(=O)O
VIFPPGR,0,CC[C@H](C)[C@H](NC(=O)[C@@H](N)C(C)C)C(=O)N[C@@H](Cc1ccccc1)C(=O)N1CCC[C@H]1C(=O)N1CCC[C@H]1C(=O)NCC(=O)N[C@@H](CCCNC(=N)N)C(=O)O
PK,0,NCCCC[C@H](NC(=O)[C@@H]1CCCN1)C(=O)O
YGG,0,N[C@@H](Cc1ccc(O)cc1)C(=O)NCC(=O)NCC(=O)O
VVVPPFLQP,0,CC(C)C[C@H](NC(=O)[C@H](Cc1ccccc1)NC(=O)[C@@H]1CCCN1C(=O)[C@@H]1CCCN1C(=O)[C@@H](NC(=O)[C@@H](NC(=O)[C@@H](N)C(C)C)C(C)C)C(C)C)C(=O)N[C@@H](CCC(N)=O)C(=O)N1CCC[C@H]1C(=O)O
VL,0,CC(C)C[C@H](NC(=O)[C@@H](N)C(C)C)C(=O)O
YPFPGPIHNS,0,CC[C@H](C)[C@H](NC(=O)[C@@H]1CCCN1C(=O)CNC(=O)[C@@H]1CCCN1C(=O)[C@H](Cc1ccccc1)NC(=O)[C@@H]1CCCN1C(=O)[C@@H](N)Cc1ccc(O)cc1)C(=O)N[C@@H](Cc1c[nH]cn1)C(=O)N[C@@H](CC(N)=O)C(=O)N[C@@H](CO)C(=O)O
GGRPFF,0,N=C(N)NCCC[C@H](NC(=O)CNC(=O)CN)C(=O)N1CCC[C@H]1C(=O)N[C@@H](Cc1ccccc1)C(=O)N[C@@H](Cc1ccccc1)C(=O)O
YQEPVLGPVRGPFPI,0,CC[C@H](C)[C@H](NC(=O)[C@@H]1CCCN1C(=O)[C@H](Cc1ccccc1)NC(=O)[C@@H]1CCCN1C(=O)CNC(=O)[C@H](CCCNC(=N)N)NC(=O)[C@@H](NC(=O)[C@@H]1CCCN1C(=O)CNC(=O)[C@H](CC(C)C)NC(=O)[C@@H](NC(=O)[C@@H]1CCCN1C(=O)[C@H](CCC(=O)O)NC(=O)[C@H](CCC(N)=O)NC(=O)[C@@H](N)Cc1ccc(O)cc1)C(C)C)C(C)C)C(=O)O
PFPGPIP,0,CC[C@H](C)[C@H](NC(=O)[C@@H]1CCCN1C(=O)CNC(=O)[C@@H]1CCCN1C(=O)[C@H](Cc1ccccc1)NC(=O)[C@@H]1CCCN1)C(=O)N1CCC[C@H]1C(=O)O
PPF,0,O=C(O)[C@H](Cc1ccccc1)NC(=O)[C@@H]1CCCN1C(=O)[C@@H]1CCCN1
AQTQSLVYPFPGPIPNSLPQNIPPLTQ,0,CC[C@H](C)[C@H](NC(=O)[C@@H]1CCCN1C(=O)CNC(=O)[C@@H]1CCCN1C(=O)[C@H](Cc1ccccc1)NC(=O)[C@@H]1CCCN1C(=O)[C@H](Cc1ccc(O)cc1)NC(=O)[C@@H](NC(=O)[C@H](CC(C)C)NC(=O)[C@H](CO)NC(=O)[C@H](CCC(N)=O)NC(=O)[C@@H](NC(=O)[C@H](CCC(N)=O)NC(=O)[C@H](C)N)[C@@H](C)O)C(C)C)C(=O)N1CCC[C@H]1C(=O)N[C@@H](CC(N)=O)C(=O)N[C@@H](CO)C(=O)N[C@@H](CC(C)C)C(=O)N1CCC[C@H]1C(=O)N[C@@H](CCC(N)=O)C(=O)N[C@@H](CC(N)=O)C(=O)N[C@H](C(=O)N1CCC[C@H]1C(=O)N1CCC[C@H]1C(=O)N[C@@H](CC(C)C)C(=O)N[C@H](C(=O)N[C@@H](CCC(N)=O)C(=O)O)[C@@H](C)O)[C@@H](C)CC
RRPPPFFF,0,N=C(N)NCCC[C@H](N)C(=O)N[C@@H](CCCNC(=N)N)C(=O)N1CCC[C@H]1C(=O)N1CCC[C@H]1C(=O)N1CCC[C@H]1C(=O)N[C@@H](Cc1ccccc1)C(=O)N[C@@H](Cc1ccccc1)C(=O)N[C@@H](Cc1ccccc1)C(=O)O
RGPGPIIV,0,CC[C@H](C)[C@H](NC(=O)[C@@H](NC(=O)[C@@H]1CCCN1C(=O)CNC(=O)[C@@H]1CCCN1C(=O)CNC(=O)[C@@H](N)CCCNC(=N)N)[C@@H](C)CC)C(=O)N[C@H](C(=O)O)C(C)C
RGPPFI,0,CC[C@H](C)[C@H](NC(=O)[C@H](Cc1ccccc1)NC(=O)[C@@H]1CCCN1C(=O)[C@@H]1CCCN1C(=O)CNC(=O)[C@@H](N)CCCNC(=N)N)C(=O)O
RPF,0,N=C(N)NCCC[C@H](N)C(=O)N1CCC[C@H]1C(=O)N[C@@H](Cc1ccccc1)C(=O)O
YG,0,N[C@@H](Cc1ccc(O)cc1)C(=O)NCC(=O)O
ALEPDHR,0,CC(C)C[C@H](NC(=O)[C@H](C)N)C(=O)N[C@@H](CCC(=O)O)C(=O)N1CCC[C@H]1C(=O)N[C@@H](CC(=O)O)C(=O)N[C@@H](Cc1c[nH]cn1)C(=O)N[C@@H](CCCNC(=N)N)C(=O)O
VPPFLE,0,CC(C)C[C@H](NC(=O)[C@H](Cc1ccccc1)NC(=O)[C@@H]1CCCN1C(=O)[C@@H]1CCCN1C(=O)[C@@H](N)C(C)C)C(=O)N[C@@H](CCC(=O)O)C(=O)O
RPGGFF,0,N=C(N)NCCC[C@H](N)C(=O)N1CCC[C@H]1C(=O)NCC(=O)NCC(=O)N[C@@H](Cc1ccccc1)C(=O)N[C@@H](Cc1ccccc1)C(=O)O
PGPGPG,0,O=C(O)CNC(=O)[C@@H]1CCCN1C(=O)CNC(=O)[C@@H]1CCCN1C(=O)CNC(=O)[C@@H]1CCCN1
GGF,0,NCC(=O)NCC(=O)N[C@@H](Cc1ccccc1)C(=O)O
VIPFPGR,0,CC[C@H](C)[C@H](NC(=O)[C@@H](N)C(C)C)C(=O)N1CCC[C@H]1C(=O)N[C@@H](Cc1ccccc1)C(=O)N1CCC[C@H]1C(=O)NCC(=O)N[C@@H](CCCNC(=N)N)C(=O)O
LGL,0,CC(C)C[C@H](N)C(=O)NCC(=O)N[C@@H](CC(C)C)C(=O)O
RPFG,0,N=C(N)NCCC[C@H](N)C(=O)N1CCC[C@H]1C(=O)N[C@@H](Cc1ccccc1)C(=O)NCC(=O)O
LL,0,CC(C)C[C@H](N)C(=O)N[C@@H](CC(C)C)C(=O)O
FF,0,N[C@@H](Cc1ccccc1)C(=O)N[C@@H](Cc1ccccc1)C(=O)O
RP,0,N=C(N)NCCC[C@H](N)C(=O)N1CCC[C@H]1C(=O)O
QLFGPNVNPWHNP,0,CC(C)C[C@H](NC(=O)[C@@H](N)CCC(N)=O)C(=O)N[C@@H](Cc1ccccc1)C(=O)NCC(=O)N1CCC[C@H]1C(=O)N[C@@H](CC(N)=O)C(=O)N[C@H](C(=O)N[C@@H](CC(N)=O)C(=O)N1CCC[C@H]1C(=O)N[C@@H](Cc1c[nH]c2c1cccc2)C(=O)N[C@@H](Cc1c[nH]cn1)C(=O)N[C@@H](CC(N)=O)C(=O)N1CCC[C@H]1C(=O)O)C(C)C
KPK,0,NCCCC[C@H](N)C(=O)N1CCC[C@H]1C(=O)N[C@@H](CCCCN)C(=O)O
RGPPGFF,0,N=C(N)NCCC[C@H](N)C(=O)NCC(=O)N1CCC[C@H]1C(=O)N1CCC[C@H]1C(=O)NCC(=O)N[C@@H](Cc1ccccc1)C(=O)N[C@@H](Cc1ccccc1)C(=O)O
AV,0,CC(C)[C@H](NC(=O)[C@H](C)N)C(=O)O
PVLGPVRGPFPIIV,0,CC[C@H](C)[C@H](NC(=O)[C@@H](NC(=O)[C@@H]1CCCN1C(=O)[C@H](Cc1ccccc1)NC(=O)[C@@H]1CCCN1C(=O)CNC(=O)[C@H](CCCNC(=N)N)NC(=O)[C@@H](NC(=O)[C@@H]1CCCN1C(=O)CNC(=O)[C@H](CC(C)C)NC(=O)[C@@H](NC(=O)[C@@H]1CCCN1)C(C)C)C(C)C)[C@@H](C)CC)C(=O)N[C@H](C(=O)O)C(C)C
VYPFPPGI,0,CC[C@H](C)[C@H](NC(=O)CNC(=O)[C@@H]1CCCN1C(=O)[C@@H]1CCCN1C(=O)[C@H](Cc1ccccc1)NC(=O)[C@@H]1CCCN1C(=O)[C@H](Cc1ccc(O)cc1)NC(=O)[C@@H](N)C(C)C)C(=O)O
YQEPVLGPVRGPFPIIV,0,CC[C@H](C)[C@H](NC(=O)[C@@H](NC(=O)[C@@H]1CCCN1C(=O)[C@H](Cc1ccccc1)NC(=O)[C@@H]1CCCN1C(=O)CNC(=O)[C@H](CCCNC(=N)N)NC(=O)[C@@H](NC(=O)[C@@H]1CCCN1C(=O)CNC(=O)[C@H](CC(C)C)NC(=O)[C@@H](NC(=O)[C@@H]1CCCN1C(=O)[C@H](CCC(=O)O)NC(=O)[C@H](CCC(N)=O)NC(=O)[C@@H](N)Cc1ccc(O)cc1)C(C)C)C(C)C)[C@@H](C)CC)C(=O)N[C@H](C(=O)O)C(C)C
RGPPGGFF,0,N=C(N)NCCC[C@H](N)C(=O)NCC(=O)N1CCC[C@H]1C(=O)N1CCC[C@H]1C(=O)NCC(=O)NCC(=O)N[C@@H](Cc1ccccc1)C(=O)N[C@@H](Cc1ccccc1)C(=O)O
RGPEPIIV,0,CC[C@H](C)[C@H](NC(=O)[C@@H](NC(=O)[C@@H]1CCCN1C(=O)[C@H](CCC(=O)O)NC(=O)[C@@H]1CCCN1C(=O)CNC(=O)[C@@H](N)CCCNC(=N)N)[C@@H](C)CC)C(=O)N[C@H](C(=O)O)C(C)C
RGPPFIIV,0,CC[C@H](C)[C@H](NC(=O)[C@H](Cc1ccccc1)NC(=O)[C@@H]1CCCN1C(=O)[C@@H]1CCCN1C(=O)CNC(=O)[C@@H](N)CCCNC(=N)N)C(=O)N[C@H](C(=O)N[C@H](C(=O)O)C(C)C)[C@@H](C)CC
QPVLGPVRGPFPIIV,0,CC[C@H](C)[C@H](NC(=O)[C@@H](NC(=O)[C@@H]1CCCN1C(=O)[C@H](Cc1ccccc1)NC(=O)[C@@H]1CCCN1C(=O)CNC(=O)[C@H](CCCNC(=N)N)NC(=O)[C@@H](NC(=O)[C@@H]1CCCN1C(=O)CNC(=O)[C@H](CC(C)C)NC(=O)[C@@H](NC(=O)[C@@H]1CCCN1C(=O)[C@@H](N)CCC(N)=O)C(C)C)C(C)C)[C@@H](C)CC)C(=O)N[C@H](C(=O)O)C(C)C
GY,0,NCC(=O)N[C@@H](Cc1ccc(O)cc1)C(=O)O
VIF,0,CC[C@H](C)[C@H](NC(=O)[C@@H](N)C(C)C)C(=O)N[C@@H](Cc1ccccc1)C(=O)O
DY,0,N[C@@H](CC(=O)O)C(=O)N[C@@H](Cc1ccc(O)cc1)C(=O)O
VYPFPPGINH,0,CC[C@H](C)[C@H](NC(=O)CNC(=O)[C@@H]1CCCN1C(=O)[C@@H]1CCCN1C(=O)[C@H](Cc1ccccc1)NC(=O)[C@@H]1CCCN1C(=O)[C@H](Cc1ccc(O)cc1)NC(=O)[C@@H](N)C(C)C)C(=O)N[C@@H](CC(N)=O)C(=O)N[C@@H](Cc1c[nH]cn1)C(=O)O
RPKHPIKHQ,0,CC[C@H](C)[C@H](NC(=O)[C@@H]1CCCN1C(=O)[C@H](Cc1c[nH]cn1)NC(=O)[C@H](CCCCN)NC(=O)[C@@H]1CCCN1C(=O)[C@@H](N)CCCNC(=N)N)C(=O)N[C@@H](CCCCN)C(=O)N[C@@H](Cc1c[nH]cn1)C(=O)N[C@@H](CCC(N)=O)C(=O)O
EPAD,0,C[C@H](NC(=O)[C@@H]1CCCN1C(=O)[C@@H](N)CCC(=O)O)C(=O)N[C@@H](CC(=O)O)C(=O)O
FG,0,N[C@@H](Cc1ccccc1)C(=O)NCC(=O)O
SL,0,CC(C)C[C@H](NC(=O)[C@@H](N)CO)C(=O)O
MPFPKYPVEPF,0,CSCC[C@H](N)C(=O)N1CCC[C@H]1C(=O)N[C@@H](Cc1ccccc1)C(=O)N1CCC[C@H]1C(=O)N[C@@H](CCCCN)C(=O)N[C@@H](Cc1ccc(O)cc1)C(=O)N1CCC[C@H]1C(=O)N[C@H](C(=O)N[C@@H](CCC(=O)O)C(=O)N1CCC[C@H]1C(=O)N[C@@H](Cc1ccccc1)C(=O)O)C(C)C
QLFNPSTNPWHSP,0,CC(C)C[C@H](NC(=O)[C@@H](N)CCC(N)=O)C(=O)N[C@@H](Cc1ccccc1)C(=O)N[C@@H](CC(N)=O)C(=O)N1CCC[C@H]1C(=O)N[C@@H](CO)C(=O)N[C@H](C(=O)N[C@@H](CC(N)=O)C(=O)N1CCC[C@H]1C(=O)N[C@@H](Cc1c[nH]c2c1cccc2)C(=O)N[C@@H](Cc1c[nH]cn1)C(=O)N[C@@H](CO)C(=O)N1CCC[C@H]1C(=O)O)[C@@H](C)O
GPVRGPFPIIV,0,CC[C@H](C)[C@H](NC(=O)[C@@H](NC(=O)[C@@H]1CCCN1C(=O)[C@H](Cc1ccccc1)NC(=O)[C@@H]1CCCN1C(=O)CNC(=O)[C@H](CCCNC(=N)N)NC(=O)[C@@H](NC(=O)[C@@H]1CCCN1C(=O)CN)C(C)C)[C@@H](C)CC)C(=O)N[C@H](C(=O)O)C(C)C
YQQPVLGPVRGPFPI,0,CC[C@H](C)[C@H](NC(=O)[C@@H]1CCCN1C(=O)[C@H](Cc1ccccc1)NC(=O)[C@@H]1CCCN1C(=O)CNC(=O)[C@H](CCCNC(=N)N)NC(=O)[C@@H](NC(=O)[C@@H]1CCCN1C(=O)CNC(=O)[C@H](CC(C)C)NC(=O)[C@@H](NC(=O)[C@@H]1CCCN1C(=O)[C@H](CCC(N)=O)NC(=O)[C@H](CCC(N)=O)NC(=O)[C@@H](N)Cc1ccc(O)cc1)C(C)C)C(C)C)C(=O)O
RRPPGF,0,N=C(N)NCCC[C@H](N)C(=O)N[C@@H](CCCNC(=N)N)C(=O)N1CCC[C@H]1C(=O)N1CCC[C@H]1C(=O)NCC(=O)N[C@@H](Cc1ccccc1)C(=O)O
YQQPVLGPVRGPFPII,0,CC[C@H](C)[C@H](NC(=O)[C@@H](NC(=O)[C@@H]1CCCN1C(=O)[C@H](Cc1ccccc1)NC(=O)[C@@H]1CCCN1C(=O)CNC(=O)[C@H](CCCNC(=N)N)NC(=O)[C@@H](NC(=O)[C@@H]1CCCN1C(=O)CNC(=O)[C@H](CC(C)C)NC(=O)[C@@H](NC(=O)[C@@H]1CCCN1C(=O)[C@H](CCC(N)=O)NC(=O)[C@H](CCC(N)=O)NC(=O)[C@@H](N)Cc1ccc(O)cc1)C(C)C)C(C)C)[C@@H](C)CC)C(=O)O
RGFF,0,N=C(N)NCCC[C@H](N)C(=O)NCC(=O)N[C@@H](Cc1ccccc1)C(=O)N[C@@H](Cc1ccccc1)C(=O)O
VVVPPFL,0,CC(C)C[C@H](NC(=O)[C@H](Cc1ccccc1)NC(=O)[C@@H]1CCCN1C(=O)[C@@H]1CCCN1C(=O)[C@@H](NC(=O)[C@@H](NC(=O)[C@@H](N)C(C)C)C(C)C)C(C)C)C(=O)O
YPFPGPI,0,CC[C@H](C)[C@H](NC(=O)[C@@H]1CCCN1C(=O)CNC(=O)[C@@H]1CCCN1C(=O)[C@H](Cc1ccccc1)NC(=O)[C@@H]1CCCN1C(=O)[C@@H](N)Cc1ccc(O)cc1)C(=O)O
KAVPYPPQ,0,CC(C)[C@H](NC(=O)[C@H](C)NC(=O)[C@@H](N)CCCCN)C(=O)N1CCC[C@H]1C(=O)N[C@@H](Cc1ccc(O)cc1)C(=O)N1CCC[C@H]1C(=O)N1CCC[C@H]1C(=O)N[C@@H](CCC(N)=O)C(=O)O
VPLGTQYTDAPSF,0,CC(C)C[C@H](NC(=O)[C@@H]1CCCN1C(=O)[C@@H](N)C(C)C)C(=O)NCC(=O)N[C@H](C(=O)N[C@@H](CCC(N)=O)C(=O)N[C@@H](Cc1ccc(O)cc1)C(=O)N[C@H](C(=O)N[C@@H](CC(=O)O)C(=O)N[C@@H](C)C(=O)N1CCC[C@H]1C(=O)N[C@@H](CO)C(=O)N[C@@H](Cc1ccccc1)C(=O)O)[C@@H](C)O)[C@@H](C)O
QLFNPSTNP,0,CC(C)C[C@H](NC(=O)[C@@H](N)CCC(N)=O)C(=O)N[C@@H](Cc1ccccc1)C(=O)N[C@@H](CC(N)=O)C(=O)N1CCC[C@H]1C(=O)N[C@@H](CO)C(=O)N[C@H](C(=O)N[C@@H](CC(N)=O)C(=O)N1CCC[C@H]1C(=O)O)[C@@H](C)O
APFPEVFG,0,CC(C)[C@H](NC(=O)[C@H](CCC(=O)O)NC(=O)[C@@H]1CCCN1C(=O)[C@H](Cc1ccccc1)NC(=O)[C@@H]1CCCN1C(=O)[C@H](C)N)C(=O)N[C@@H](Cc1ccccc1)C(=O)NCC(=O)O
PL,0,CC(C)C[C@H](NC(=O)[C@@H]1CCCN1)C(=O)O
LF,0,CC(C)C[C@H](N)C(=O)N[C@@H](Cc1ccccc1)C(=O)O
QNDKIHPFAQTQSLVYPFGPIP,0,CC[C@H](C)[C@H](NC(=O)[C@H](CCCCN)NC(=O)[C@H](CC(=O)O)NC(=O)[C@H](CC(N)=O)NC(=O)[C@@H](N)CCC(N)=O)C(=O)N[C@@H](Cc1c[nH]cn1)C(=O)N1CCC[C@H]1C(=O)N[C@@H](Cc1ccccc1)C(=O)N[C@@H](C)C(=O)N[C@@H](CCC(N)=O)C(=O)N[C@H](C(=O)N[C@@H](CCC(N)=O)C(=O)N[C@@H](CO)C(=O)N[C@@H](CC(C)C)C(=O)N[C@H](C(=O)N[C@@H](Cc1ccc(O)cc1)C(=O)N1CCC[C@H]1C(=O)N[C@@H](Cc1ccccc1)C(=O)NCC(=O)N1CCC[C@H]1C(=O)N[C@H](C(=O)N1CCC[C@H]1C(=O)O)[C@@H](C)CC)C(C)C)[C@@H](C)O
PG,0,O=C(O)CNC(=O)[C@@H]1CCCN1
FPF,0,N[C@@H](Cc1ccccc1)C(=O)N1CCC[C@H]1C(=O)N[C@@H](Cc1ccccc1)C(=O)O
LRL,0,CC(C)C[C@H](N)C(=O)N[C@@H](CCCNC(=N)N)C(=O)N[C@@H](CC(C)C)C(=O)O
FFG,0,N[C@@H](Cc1ccccc1)C(=O)N[C@@H](Cc1ccccc1)C(=O)NCC(=O)O
PI,0,CC[C@H](C)[C@H](NC(=O)[C@@H]1CCCN1)C(=O)O
QLFNPS,0,CC(C)C[C@H](NC(=O)[C@@H](N)CCC(N)=O)C(=O)N[C@@H](Cc1ccccc1)C(=O)N[C@@H](CC(N)=O)C(=O)N1CCC[C@H]1C(=O)N[C@@H](CO)C(=O)O
GP,0,NCC(=O)N1CCC[C@H]1C(=O)O
PGPIP,0,CC[C@H](C)[C@H](NC(=O)[C@@H]1CCCN1C(=O)CNC(=O)[C@@H]1CCCN1)C(=O)N1CCC[C@H]1C(=O)O
LI,0,CC[C@H](C)[C@H](NC(=O)[C@@H](N)CC(C)C)C(=O)O
FIV,0,CC[C@H](C)[C@H](NC(=O)[C@@H](N)Cc1ccccc1)C(=O)N[C@H](C(=O)O)C(C)C
GPFPII,0,CC[C@H](C)[C@H](NC(=O)[C@@H](NC(=O)[C@@H]1CCCN1C(=O)[C@H](Cc1ccccc1)NC(=O)[C@@H]1CCCN1C(=O)CN)[C@@H](C)CC)C(=O)O
LG,0,CC(C)C[C@H](N)C(=O)NCC(=O)O
PF,0,O=C(O)[C@H](Cc1ccccc1)NC(=O)[C@@H]1CCCN1
GGGLG,0,CC(C)C[C@H](NC(=O)CNC(=O)CNC(=O)CN)C(=O)NCC(=O)O
GFF,0,NCC(=O)N[C@@H](Cc1ccccc1)C(=O)N[C@@H](Cc1ccccc1)C(=O)O
GGV,0,CC(C)[C@H](NC(=O)CNC(=O)CN)C(=O)O
GV,0,CC(C)[C@H](NC(=O)CN)C(=O)O
YGY,0,N[C@@H](Cc1ccc(O)cc1)C(=O)NCC(=O)N[C@@H](Cc1ccc(O)cc1)C(=O)O
RGPPGIG,0,CC[C@H](C)[C@H](NC(=O)CNC(=O)[C@@H]1CCCN1C(=O)[C@@H]1CCCN1C(=O)CNC(=O)[C@@H](N)CCCNC(=N)N)C(=O)NCC(=O)O
VYPF,0,CC(C)[C@H](N)C(=O)N[C@@H](Cc1ccc(O)cc1)C(=O)N1CCC[C@H]1C(=O)N[C@@H](Cc1ccccc1)C(=O)O
SAEFG,0,C[C@H](NC(=O)[C@@H](N)CO)C(=O)N[C@@H](CCC(=O)O)C(=O)N[C@@H](Cc1ccccc1)C(=O)NCC(=O)O
YLGYLEQLLR,0,CC(C)C[C@H](NC(=O)[C@@H](N)Cc1ccc(O)cc1)C(=O)NCC(=O)N[C@@H](Cc1ccc(O)cc1)C(=O)N[C@@H](CC(C)C)C(=O)N[C@@H](CCC(=O)O)C(=O)N[C@@H](CCC(N)=O)C(=O)N[C@@H](CC(C)C)C(=O)N[C@@H](CC(C)C)C(=O)N[C@@H](CCCNC(=N)N)C(=O)O
RGPPGGGFF,0,N=C(N)NCCC[C@H](N)C(=O)NCC(=O)N1CCC[C@H]1C(=O)N1CCC[C@H]1C(=O)NCC(=O)NCC(=O)NCC(=O)N[C@@H](Cc1ccccc1)C(=O)N[C@@H](Cc1ccccc1)C(=O)O
YF,0,N[C@@H](Cc1ccc(O)cc1)C(=O)N[C@@H](Cc1ccccc1)C(=O)O
YEGNS,0,NC(=O)C[C@H](NC(=O)CNC(=O)[C@H](CCC(=O)O)NC(=O)[C@@H](N)Cc1ccc(O)cc1)C(=O)N[C@@H](CO)C(=O)O
GGRGPPFIV,0,CC[C@H](C)[C@H](NC(=O)[C@H](Cc1ccccc1)NC(=O)[C@@H]1CCCN1C(=O)[C@@H]1CCCN1C(=O)CNC(=O)[C@H](CCCNC(=N)N)NC(=O)CNC(=O)CN)C(=O)N[C@H](C(=O)O)C(C)C
IT,0,CC[C@H](C)[C@H](N)C(=O)N[C@H](C(=O)O)[C@@H](C)O
FY,0,N[C@@H](Cc1ccccc1)C(=O)N[C@@H](Cc1ccc(O)cc1)C(=O)O
QQPVLGPVRGPFPI,0,CC[C@H](C)[C@H](NC(=O)[C@@H]1CCCN1C(=O)[C@H](Cc1ccccc1)NC(=O)[C@@H]1CCCN1C(=O)CNC(=O)[C@H](CCCNC(=N)N)NC(=O)[C@@H](NC(=O)[C@@H]1CCCN1C(=O)CNC(=O)[C@H](CC(C)C)NC(=O)[C@@H](NC(=O)[C@@H]1CCCN1C(=O)[C@H](CCC(N)=O)NC(=O)[C@@H](N)CCC(N)=O)C(C)C)C(C)C)C(=O)O
PFPGPI,0,CC[C@H](C)[C@H](NC(=O)[C@@H]1CCCN1C(=O)CNC(=O)[C@@H]1CCCN1C(=O)[C@H](Cc1ccccc1)NC(=O)[C@@H]1CCCN1)C(=O)O
GL,0,CC(C)C[C@H](NC(=O)CN)C(=O)O
VYP,0,CC(C)[C@H](N)C(=O)N[C@@H](Cc1ccc(O)cc1)C(=O)N1CCC[C@H]1C(=O)O
AYFYPEL,0,CC(C)C[C@H](NC(=O)[C@H](CCC(=O)O)NC(=O)[C@@H]1CCCN1C(=O)[C@H](Cc1ccc(O)cc1)NC(=O)[C@H](Cc1ccccc1)NC(=O)[C@H](Cc1ccc(O)cc1)NC(=O)[C@H](C)N)C(=O)O
FL,0,CC(C)C[C@H](NC(=O)[C@@H](N)Cc1ccccc1)C(=O)O
GPFPVI,0,CC[C@H](C)[C@H](NC(=O)[C@@H](NC(=O)[C@@H]1CCCN1C(=O)[C@H](Cc1ccccc1)NC(=O)[C@@H]1CCCN1C(=O)CN)C(C)C)C(=O)O
NFNNQLDQQTPR,0,CC(C)C[C@H](NC(=O)[C@H](CCC(N)=O)NC(=O)[C@H](CC(N)=O)NC(=O)[C@H](CC(N)=O)NC(=O)[C@H](Cc1ccccc1)NC(=O)[C@@H](N)CC(N)=O)C(=O)N[C@@H](CC(=O)O)C(=O)N[C@@H](CCC(N)=O)C(=O)N[C@@H](CCC(N)=O)C(=O)N[C@H](C(=O)N1CCC[C@H]1C(=O)N[C@@H](CCCNC(=N)N)C(=O)O)[C@@H](C)O
RRR,0,N=C(N)NCCC[C@H](N)C(=O)N[C@@H](CCCNC(=N)N)C(=O)N[C@@H](CCCNC(=N)N)C(=O)O
PFP,0,O=C(N[C@@H](Cc1ccccc1)C(=O)N1CCC[C@H]1C(=O)O)[C@@H]1CCCN1
FFPP,0,N[C@@H](Cc1ccccc1)C(=O)N[C@@H](Cc1ccccc1)C(=O)N1CCC[C@H]1C(=O)N1CCC[C@H]1C(=O)O
ELL,0,CC(C)C[C@H](NC(=O)[C@H](CC(C)C)NC(=O)[C@@H](N)CCC(=O)O)C(=O)O
LVYPFPGPIHN,0,CC[C@H](C)[C@H](NC(=O)[C@@H]1CCCN1C(=O)CNC(=O)[C@@H]1CCCN1C(=O)[C@H](Cc1ccccc1)NC(=O)[C@@H]1CCCN1C(=O)[C@H](Cc1ccc(O)cc1)NC(=O)[C@@H](NC(=O)[C@@H](N)CC(C)C)C(C)C)C(=O)N[C@@H](Cc1c[nH]cn1)C(=O)N[C@@H](CC(N)=O)C(=O)O
GLGG,0,CC(C)C[C@H](NC(=O)CN)C(=O)NCC(=O)NCC(=O)O
LGG,0,CC(C)C[C@H](N)C(=O)NCC(=O)NCC(=O)O
RGPFPIIV,0,CC[C@H](C)[C@H](NC(=O)[C@@H](NC(=O)[C@@H]1CCCN1C(=O)[C@H](Cc1ccccc1)NC(=O)[C@@H]1CCCN1C(=O)CNC(=O)[C@@H](N)CCCNC(=N)N)[C@@H](C)CC)C(=O)N[C@H](C(=O)O)C(C)C
TDVENLHLPPLL,0,CC(C)C[C@H](NC(=O)[C@H](CC(C)C)NC(=O)[C@@H]1CCCN1C(=O)[C@@H]1CCCN1C(=O)[C@H](CC(C)C)NC(=O)[C@H](Cc1c[nH]cn1)NC(=O)[C@H](CC(C)C)NC(=O)[C@H](CC(N)=O)NC(=O)[C@H](CCC(=O)O)NC(=O)[C@@H](NC(=O)[C@H](CC(=O)O)NC(=O)[C@@H](N)[C@@H](C)O)C(C)C)C(=O)O
FPP,0,N[C@@H](Cc1ccccc1)C(=O)N1CCC[C@H]1C(=O)N1CCC[C@H]1C(=O)O
WE,0,N[C@@H](Cc1c[nH]c2c1cccc2)C(=O)N[C@@H](CCC(=O)O)C(=O)O
SLA,0,CC(C)C[C@H](NC(=O)[C@@H](N)CO)C(=O)N[C@@H](C)C(=O)O
PFIV,0,CC[C@H](C)[C@H](NC(=O)[C@H](Cc1ccccc1)NC(=O)[C@@H]1CCCN1)C(=O)N[C@H](C(=O)O)C(C)C
GLY,0,CC(C)C[C@H](NC(=O)CN)C(=O)N[C@@H](Cc1ccc(O)cc1)C(=O)O
LGGG,0,CC(C)C[C@H](N)C(=O)NCC(=O)NCC(=O)NCC(=O)O
VI,0,CC[C@H](C)[C@H](NC(=O)[C@@H](N)C(C)C)C(=O)O
PPFIV,0,CC[C@H](C)[C@H](NC(=O)[C@H](Cc1ccccc1)NC(=O)[C@@H]1CCCN1C(=O)[C@@H]1CCCN1)C(=O)N[C@H](C(=O)O)C(C)C
VYPFPPIGNH,0,CC[C@H](C)[C@H](NC(=O)[C@@H]1CCCN1C(=O)[C@@H]1CCCN1C(=O)[C@H](Cc1ccccc1)NC(=O)[C@@H]1CCCN1C(=O)[C@H](Cc1ccc(O)cc1)NC(=O)[C@@H](N)C(C)C)C(=O)NCC(=O)N[C@@H](CC(N)=O)C(=O)N[C@@H](Cc1c[nH]cn1)C(=O)O
RGP,0,N=C(N)NCCC[C@H](N)C(=O)NCC(=O)N1CCC[C@H]1C(=O)O
GGFFGG,0,NCC(=O)NCC(=O)N[C@@H](Cc1ccccc1)C(=O)N[C@@H](Cc1ccccc1)C(=O)NCC(=O)NCC(=O)O
GR,0,N=C(N)NCCC[C@H](NC(=O)CN)C(=O)O
GGL,0,CC(C)C[C@H](NC(=O)CNC(=O)CN)C(=O)O
GPFF,0,NCC(=O)N1CCC[C@H]1C(=O)N[C@@H](Cc1ccccc1)C(=O)N[C@@H](Cc1ccccc1)C(=O)O
RGPPGF,0,N=C(N)NCCC[C@H](N)C(=O)NCC(=O)N1CCC[C@H]1C(=O)N1CCC[C@H]1C(=O)NCC(=O)N[C@@H](Cc1ccccc1)C(=O)O
EQGGEQG,0,NC(=O)CC[C@H](NC(=O)[C@@H](N)CCC(=O)O)C(=O)NCC(=O)NCC(=O)N[C@@H](CCC(=O)O)C(=O)N[C@@H](CCC(N)=O)C(=O)NCC(=O)O
RPFFGG,0,N=C(N)NCCC[C@H](N)C(=O)N1CCC[C@H]1C(=O)N[C@@H](Cc1ccccc1)C(=O)N[C@@H](Cc1ccccc1)C(=O)NCC(=O)NCC(=O)O
IK,0,CC[C@H](C)[C@H](N)C(=O)N[C@@H](CCCCN)C(=O)O
KPPFIV,0,CC[C@H](C)[C@H](NC(=O)[C@H](Cc1ccccc1)NC(=O)[C@@H]1CCCN1C(=O)[C@@H]1CCCN1C(=O)[C@@H](N)CCCCN)C(=O)N[C@H](C(=O)O)C(C)C
IP,0,CC[C@H](C)[C@H](N)C(=O)N1CCC[C@H]1C(=O)O
LY,0,CC(C)C[C@H](N)C(=O)N[C@@H](Cc1ccc(O)cc1)C(=O)O
VY,0,CC(C)[C@H](N)C(=O)N[C@@H](Cc1ccc(O)cc1)C(=O)O
RGPPFIV,0,CC[C@H](C)[C@H](NC(=O)[C@H](Cc1ccccc1)NC(=O)[C@@H]1CCCN1C(=O)[C@@H]1CCCN1C(=O)CNC(=O)[C@@H](N)CCCNC(=N)N)C(=O)N[C@H](C(=O)O)C(C)C
IQ,0,CC[C@H](C)[C@H](N)C(=O)N[C@@H](CCC(N)=O)C(=O)O
IW,0,CC[C@H](C)[C@H](N)C(=O)N[C@@H](Cc1c[nH]c2c1cccc2)C(=O)O
RPG,0,N=C(N)NCCC[C@H](N)C(=O)N1CCC[C@H]1C(=O)NCC(=O)O
WF,0,N[C@@H](Cc1c[nH]c2c1cccc2)C(=O)N[C@@H](Cc1ccccc1)C(=O)O
RGPFIV,0,CC[C@H](C)[C@H](NC(=O)[C@H](Cc1ccccc1)NC(=O)[C@@H]1CCCN1C(=O)CNC(=O)[C@@H](N)CCCNC(=N)N)C(=O)N[C@H](C(=O)O)C(C)C
LRP,0,CC(C)C[C@H](N)C(=O)N[C@@H](CCCNC(=N)N)C(=O)N1CCC[C@H]1C(=O)O
PPP,0,O=C(O)[C@@H]1CCCN1C(=O)[C@@H]1CCCN1C(=O)[C@@H]1CCCN1
RRPFF,0,N=C(N)NCCC[C@H](N)C(=O)N[C@@H](CCCNC(=N)N)C(=O)N1CCC[C@H]1C(=O)N[C@@H](Cc1ccccc1)C(=O)N[C@@H](Cc1ccccc1)C(=O)O
EEN,0,NC(=O)C[C@H](NC(=O)[C@H](CCC(=O)O)NC(=O)[C@@H](N)CCC(=O)O)C(=O)O
YPF,0,N[C@@H](Cc1ccc(O)cc1)C(=O)N1CCC[C@H]1C(=O)N[C@@H](Cc1ccccc1)C(=O)O
WW,0,N[C@@H](Cc1c[nH]c2c1cccc2)C(=O)N[C@@H](Cc1c[nH]c2c1cccc2)C(=O)O
FV,0,CC(C)[C@H](NC(=O)[C@@H](N)Cc1ccccc1)C(=O)O
PA,0,C[C@H](NC(=O)[C@@H]1CCCN1)C(=O)O
PPG,0,O=C(O)CNC(=O)[C@@H]1CCCN1C(=O)[C@@H]1CCCN1
GGGGL,0,CC(C)C[C@H](NC(=O)CNC(=O)CNC(=O)CNC(=O)CN)C(=O)O
FALPQYLK,0,CC(C)C[C@H](NC(=O)[C@H](Cc1ccc(O)cc1)NC(=O)[C@H](CCC(N)=O)NC(=O)[C@@H]1CCCN1C(=O)[C@H](CC(C)C)NC(=O)[C@H](C)NC(=O)[C@@H](N)Cc1ccccc1)C(=O)N[C@@H](CCCCN)C(=O)O
GKHQQEEENEGG,0,NCCCC[C@H](NC(=O)CN)C(=O)N[C@@H](Cc1c[nH]cn1)C(=O)N[C@@H](CCC(N)=O)C(=O)N[C@@H](CCC(N)=O)C(=O)N[C@@H](CCC(=O)O)C(=O)N[C@@H](CCC(=O)O)C(=O)N[C@@H](CCC(=O)O)C(=O)N[C@@H](CC(N)=O)C(=O)N[C@@H](CCC(=O)O)C(=O)NCC(=O)NCC(=O)O
GVV,0,CC(C)[C@H](NC(=O)[C@@H](NC(=O)CN)C(C)C)C(=O)O
PGR,0,N=C(N)NCCC[C@H](NC(=O)CNC(=O)[C@@H]1CCCN1)C(=O)O
FW,0,N[C@@H](Cc1ccccc1)C(=O)N[C@@H](Cc1c[nH]c2c1cccc2)C(=O)O
GGGL,0,CC(C)C[C@H](NC(=O)CNC(=O)CNC(=O)CN)C(=O)O
LD,0,CC(C)C[C@H](N)C(=O)N[C@@H](CC(=O)O)C(=O)O
GGRPFFGG,0,N=C(N)NCCC[C@H](NC(=O)CNC(=O)CN)C(=O)N1CCC[C@H]1C(=O)N[C@@H](Cc1ccccc1)C(=O)N[C@@H](Cc1ccccc1)C(=O)NCC(=O)NCC(=O)O
GLG,0,CC(C)C[C@H](NC(=O)CN)C(=O)NCC(=O)O
VIFPPG,0,CC[C@H](C)[C@H](NC(=O)[C@@H](N)C(C)C)C(=O)N[C@@H](Cc1ccccc1)C(=O)N1CCC[C@H]1C(=O)N1CCC[C@H]1C(=O)NCC(=O)O
IF,0,CC[C@H](C)[C@H](N)C(=O)N[C@@H](Cc1ccccc1)C(=O)O
FFPGG,0,N[C@@H](Cc1ccccc1)C(=O)N[C@@H](Cc1ccccc1)C(=O)N1CCC[C@H]1C(=O)NCC(=O)NCC(=O)O
GPFPIIV,0,CC[C@H](C)[C@H](NC(=O)[C@@H](NC(=O)[C@@H]1CCCN1C(=O)[C@H](Cc1ccccc1)NC(=O)[C@@H]1CCCN1C(=O)CN)[C@@H](C)CC)C(=O)N[C@H](C(=O)O)C(C)C
VYPFPPG,0,CC(C)[C@H](N)C(=O)N[C@@H](Cc1ccc(O)cc1)C(=O)N1CCC[C@H]1C(=O)N[C@@H](Cc1ccccc1)C(=O)N1CCC[C@H]1C(=O)N1CCC[C@H]1C(=O)NCC(=O)O
RGPPGGV,0,CC(C)[C@H](NC(=O)CNC(=O)CNC(=O)[C@@H]1CCCN1C(=O)[C@@H]1CCCN1C(=O)CNC(=O)[C@@H](N)CCCNC(=N)N)C(=O)O
GLL,0,CC(C)C[C@H](NC(=O)[C@H](CC(C)C)NC(=O)CN)C(=O)O
RGPPFF,0,N=C(N)NCCC[C@H](N)C(=O)NCC(=O)N1CCC[C@H]1C(=O)N1CCC[C@H]1C(=O)N[C@@H](Cc1ccccc1)C(=O)N[C@@H](Cc1ccccc1)C(=O)O
RPPPFFF,0,N=C(N)NCCC[C@H](N)C(=O)N1CCC[C@H]1C(=O)N1CCC[C@H]1C(=O)N1CCC[C@H]1C(=O)N[C@@H](Cc1ccccc1)C(=O)N[C@@H](Cc1ccccc1)C(=O)N[C@@H](Cc1ccccc1)C(=O)O
NALPE,0,CC(C)C[C@H](NC(=O)[C@H](C)NC(=O)[C@@H](N)CC(N)=O)C(=O)N1CCC[C@H]1C(=O)N[C@@H](CCC(=O)O)C(=O)O
FPPFIV,0,CC[C@H](C)[C@H](NC(=O)[C@H](Cc1ccccc1)NC(=O)[C@@H]1CCCN1C(=O)[C@@H]1CCCN1C(=O)[C@@H](N)Cc1ccccc1)C(=O)N[C@H](C(=O)O)C(C)C
RPFFRPFFRPFF,0,N=C(N)NCCC[C@H](N)C(=O)N1CCC[C@H]1C(=O)N[C@@H](Cc1ccccc1)C(=O)N[C@@H](Cc1ccccc1)C(=O)N[C@@H](CCCNC(=N)N)C(=O)N1CCC[C@H]1C(=O)N[C@@H](Cc1ccccc1)C(=O)N[C@@H](Cc1ccccc1)C(=O)N[C@@H](CCCNC(=N)N)C(=O)N1CCC[C@H]1C(=O)N[C@@H](Cc1ccccc1)C(=O)N[C@@H](Cc1ccccc1)C(=O)O
GGRGPPFIVGG,0,CC[C@H](C)[C@H](NC(=O)[C@H](Cc1ccccc1)NC(=O)[C@@H]1CCCN1C(=O)[C@@H]1CCCN1C(=O)CNC(=O)[C@H](CCCNC(=N)N)NC(=O)CNC(=O)CN)C(=O)N[C@H](C(=O)NCC(=O)NCC(=O)O)C(C)C
YLEQLLR,0,CC(C)C[C@H](NC(=O)[C@@H](N)Cc1ccc(O)cc1)C(=O)N[C@@H](CCC(=O)O)C(=O)N[C@@H](CCC(N)=O)C(=O)N[C@@H](CC(C)C)C(=O)N[C@@H](CC(C)C)C(=O)N[C@@H](CCCNC(=N)N)C(=O)O
EVLN,0,CC(C)C[C@H](NC(=O)[C@@H](NC(=O)[C@@H](N)CCC(=O)O)C(C)C)C(=O)N[C@@H](CC(N)=O)C(=O)O
EGG,0,N[C@@H](CCC(=O)O)C(=O)NCC(=O)NCC(=O)O
LW,0,CC(C)C[C@H](N)C(=O)N[C@@H](Cc1c[nH]c2c1cccc2)C(=O)O
LLL,0,CC(C)C[C@H](N)C(=O)N[C@@H](CC(C)C)C(=O)N[C@@H](CC(C)C)C(=O)O
GGVVV,0,CC(C)[C@H](NC(=O)[C@@H](NC(=O)[C@@H](NC(=O)CNC(=O)CN)C(C)C)C(C)C)C(=O)O
GGFF,0,NCC(=O)NCC(=O)N[C@@H](Cc1ccccc1)C(=O)N[C@@H](Cc1ccccc1)C(=O)O
NNEDT,0,C[C@@H](O)[C@H](NC(=O)[C@H](CC(=O)O)NC(=O)[C@H](CCC(=O)O)NC(=O)[C@H](CC(N)=O)NC(=O)[C@@H](N)CC(N)=O)C(=O)O
QLFNPSTNPWHSP,0,CC(C)C[C@H](NC(=O)[C@@H](N)CCC(N)=O)C(=O)N[C@@H](Cc1ccccc1)C(=O)N[C@@H](CC(N)=O)C(=O)N1CCC[C@H]1C(=O)N[C@@H](CO)C(=O)N[C@H](C(=O)N[C@@H](CC(N)=O)C(=O)N1CCC[C@H]1C(=O)N[C@@H](Cc1c[nH]c2c1cccc2)C(=O)N[C@@H](Cc1c[nH]cn1)C(=O)N[C@@H](CO)C(=O)N1CCC[C@H]1C(=O)O)[C@@H](C)O
MAPKHKEMPFPKYPVEPF,0,CSCC[C@H](N)C(=O)N[C@@H](C)C(=O)N1CCC[C@H]1C(=O)N[C@@H](CCCCN)C(=O)N[C@@H](Cc1c[nH]cn1)C(=O)N[C@@H](CCCCN)C(=O)N[C@@H](CCC(=O)O)C(=O)N[C@@H](CCSC)C(=O)N1CCC[C@H]1C(=O)N[C@@H](Cc1ccccc1)C(=O)N1CCC[C@H]1C(=O)N[C@@H](CCCCN)C(=O)N[C@@H](Cc1ccc(O)cc1)C(=O)N1CCC[C@H]1C(=O)N[C@H](C(=O)N[C@@H](CCC(=O)O)C(=O)N1CCC[C@H]1C(=O)N[C@@H](Cc1ccccc1)C(=O)O)C(C)C
KF,0,NCCCC[C@H](N)C(=O)N[C@@H](Cc1ccccc1)C(=O)O
NLQG,0,CC(C)C[C@H](NC(=O)[C@@H](N)CC(N)=O)C(=O)N[C@@H](CCC(N)=O)C(=O)NCC(=O)O
FPK,0,NCCCC[C@H](NC(=O)[C@@H]1CCCN1C(=O)[C@@H](N)Cc1ccccc1)C(=O)O
RGPFPIV,0,CC[C@H](C)[C@H](NC(=O)[C@@H]1CCCN1C(=O)[C@H](Cc1ccccc1)NC(=O)[C@@H]1CCCN1C(=O)CNC(=O)[C@@H](N)CCCNC(=N)N)C(=O)N[C@H](C(=O)O)C(C)C
RPFF,0,N=C(N)NCCC[C@H](N)C(=O)N1CCC[C@H]1C(=O)N[C@@H](Cc1ccccc1)C(=O)N[C@@H](Cc1ccccc1)C(=O)O
IGTLAGA,0,CC[C@H](C)[C@H](N)C(=O)NCC(=O)N[C@H](C(=O)N[C@@H](CC(C)C)C(=O)N[C@@H](C)C(=O)NCC(=O)N[C@@H](C)C(=O)O)[C@@H](C)O
EI,0,CC[C@H](C)[C@H](NC(=O)[C@@H](N)CCC(=O)O)C(=O)O
APFPEVF,0,CC(C)[C@H](NC(=O)[C@H](CCC(=O)O)NC(=O)[C@@H]1CCCN1C(=O)[C@H](Cc1ccccc1)NC(=O)[C@@H]1CCCN1C(=O)[C@H](C)N)C(=O)N[C@@H](Cc1ccccc1)C(=O)O
PP,0,O=C(O)[C@@H]1CCCN1C(=O)[C@@H]1CCCN1
PVRGPFPIIV,0,CC[C@H](C)[C@H](NC(=O)[C@@H](NC(=O)[C@@H]1CCCN1C(=O)[C@H](Cc1ccccc1)NC(=O)[C@@H]1CCCN1C(=O)CNC(=O)[C@H](CCCNC(=N)N)NC(=O)[C@@H](NC(=O)[C@@H]1CCCN1)C(C)C)[C@@H](C)CC)C(=O)N[C@H](C(=O)O)C(C)C
FFVAPFPEVFGK,0,CC(C)[C@H](NC(=O)[C@H](Cc1ccccc1)NC(=O)[C@@H](N)Cc1ccccc1)C(=O)N[C@@H](C)C(=O)N1CCC[C@H]1C(=O)N[C@@H](Cc1ccccc1)C(=O)N1CCC[C@H]1C(=O)N[C@@H](CCC(=O)O)C(=O)N[C@H](C(=O)N[C@@H](Cc1ccccc1)C(=O)NCC(=O)N[C@@H](CCCCN)C(=O)O)C(C)C
FP,0,N[C@@H](Cc1ccccc1)C(=O)N1CCC[C@H]1C(=O)O
IL,0,CC[C@H](C)[C@H](N)C(=O)N[C@@H](CC(C)C)C(=O)O
PVLGPV,0,CC(C)C[C@H](NC(=O)[C@@H](NC(=O)[C@@H]1CCCN1)C(C)C)C(=O)NCC(=O)N1CCC[C@H]1C(=O)N[C@H](C(=O)O)C(C)C
FFPR,0,N=C(N)NCCC[C@H](NC(=O)[C@@H]1CCCN1C(=O)[C@H](Cc1ccccc1)NC(=O)[C@@H](N)Cc1ccccc1)C(=O)O
RRPPFF,0,N=C(N)NCCC[C@H](N)C(=O)N[C@@H](CCCNC(=N)N)C(=O)N1CCC[C@H]1C(=O)N1CCC[C@H]1C(=O)N[C@@H](Cc1ccccc1)C(=O)N[C@@H](Cc1ccccc1)C(=O)O
VVYPWTQRF,0,CC(C)[C@H](N)C(=O)N[C@H](C(=O)N[C@@H](Cc1ccc(O)cc1)C(=O)N1CCC[C@H]1C(=O)N[C@@H](Cc1c[nH]c2c1cccc2)C(=O)N[C@H](C(=O)N[C@@H](CCC(N)=O)C(=O)N[C@@H](CCCNC(=N)N)C(=O)N[C@@H](Cc1ccccc1)C(=O)O)[C@@H](C)O)C(C)C
GYG,0,NCC(=O)N[C@@H](Cc1ccc(O)cc1)C(=O)NCC(=O)O
PY,0,O=C(O)[C@H](Cc1ccc(O)cc1)NC(=O)[C@@H]1CCCN1
RGPPFGG,0,N=C(N)NCCC[C@H](N)C(=O)NCC(=O)N1CCC[C@H]1C(=O)N1CCC[C@H]1C(=O)N[C@@H](Cc1ccccc1)C(=O)NCC(=O)NCC(=O)O
YYG,0,N[C@@H](Cc1ccc(O)cc1)C(=O)N[C@@H](Cc1ccc(O)cc1)C(=O)NCC(=O)O
GFG,0,NCC(=O)N[C@@H](Cc1ccccc1)C(=O)NCC(=O)O
YP,0,N[C@@H](Cc1ccc(O)cc1)C(=O)N1CCC[C@H]1C(=O)O
LLLL,0,CC(C)C[C@H](N)C(=O)N[C@@H](CC(C)C)C(=O)N[C@@H](CC(C)C)C(=O)N[C@@H](CC(C)C)C(=O)O
GYY,0,NCC(=O)N[C@@H](Cc1ccc(O)cc1)C(=O)N[C@@H](Cc1ccc(O)cc1)C(=O)O
RPFFRPFF,0,N=C(N)NCCC[C@H](N)C(=O)N1CCC[C@H]1C(=O)N[C@@H](Cc1ccccc1)C(=O)N[C@@H](Cc1ccccc1)C(=O)N[C@@H](CCCNC(=N)N)C(=O)N1CCC[C@H]1C(=O)N[C@@H](Cc1ccccc1)C(=O)N[C@@H](Cc1ccccc1)C(=O)O
IE,0,CC[C@H](C)[C@H](N)C(=O)N[C@@H](CCC(=O)O)C(=O)O
IS,0,CC[C@H](C)[C@H](N)C(=O)N[C@@H](CO)C(=O)O
VA,0,CC(C)[C@H](N)C(=O)N[C@@H](C)C(=O)O
