id,seq
Positive_0|1,RKE
Positive_1|1,VAV
Positive_2|1,KGDEESLA
Positive_3|1,SAEQK
Positive_4|1,CM
Positive_5|1,DG
Positive_6|1,DE
Positive_7|1,EEL
Positive_8|1,LVG
Positive_9|1,SLAKGDEE
Positive_10|1,DD
Positive_11|1,VGG
Positive_12|1,EEE
Positive_13|1,LSERYP
Positive_14|1,GCG
Positive_15|1,AHSVRFY
Positive_16|1,EEEQ
Positive_17|1,YGGTPPFV
Positive_18|1,EN
Positive_19|1,LPEEV
Positive_20|1,ASNMSDL
Positive_21|1,EINEL
Positive_22|1,EE
Positive_23|1,SE
Positive_24|1,GDG
Positive_25|1,VDV
Positive_26|1,PVARMCR
Positive_27|1,VTADESQQDVLK
Positive_28|1,VV
Positive_29|1,DPQ
Positive_30|1,EQEEL
Positive_31|1,HCHTN
Positive_32|1,VVGET
Positive_33|1,NVVGET
Positive_34|1,ENINEL
Positive_35|1,SF
Positive_36|1,LV
Positive_37|1,DEE
Positive_38|1,EA
Positive_39|1,INEL
Positive_40|1,SEE
Positive_41|1,AQALQAQA
Positive_42|1,LQPLNAH
Positive_43|1,KGRYER
Positive_44|1,GLLPDGTPR
Positive_45|1,DES
Positive_46|1,PDKPNT
Positive_47|1,EGS
Positive_48|1,EP
Positive_49|1,CCNKSV
Positive_50|1,LGAGGSLA
Positive_51|1,QVAIAHRDAK
Positive_52|1,DQR
Positive_53|1,ALPEEV
Positive_54|1,GGY
Positive_55|1,EQQQQ
Positive_56|1,VE
Positive_57|1,SPE
Positive_58|1,ET
Positive_59|1,ENE
Positive_60|1,VD
Positive_61|1,PET
Positive_62|1,KGNEESLA
Positive_63|1,EDV
Positive_64|1,DA
Positive_65|1,ANPGPVRDLR
Positive_66|1,QL
Positive_67|1,RGENESDEQGAIVT
Positive_68|1,EG
Positive_69|1,AE
Positive_70|1,NNP
Positive_71|1,VRSY
Positive_72|1,LDL
Positive_73|1,RPNPFENR
Positive_74|1,NGKET
Positive_75|1,EK
Positive_76|1,SSRNEQSR
Positive_77|1,EQE
Positive_78|1,RGENESEEEGAIVT
Positive_79|1,DDD
Positive_80|1,EGSEAPDGSSR
Positive_81|1,NRTF
Positive_82|1,PE
Positive_83|1,NY
Positive_84|1,KGSLADEE
Positive_85|1,VPY
Positive_86|1,EL
Positive_87|1,EY
Positive_88|1,RPLGNC
Positive_89|1,VLPTDQNFILR
Positive_90|1,DDE
Positive_91|1,VEV
Positive_92|1,RL
Positive_93|1,SLADEEKG
Positive_94|1,ADE
Positive_95|1,KG
Positive_96|1,EDD
Positive_97|1,ADA
Positive_98|1,EDF
Positive_99|1,TE
Positive_100|1,QEEL
Positive_101|1,ES
Positive_102|1,GEG
Positive_103|1,PAA
Positive_104|1,EDE
Positive_105|1,EEDGK
Positive_106|1,AD
Positive_107|1,VDR
Positive_108|1,DDDD
Positive_109|1,GE
Positive_110|1,ED
Positive_111|1,TLRRCM
Negative_0|0,EQPQQNE
Negative_1|0,QDKIHPFAQTQSLVYPFPGP
Negative_2|0,GRP
Negative_3|0,FGG
Negative_4|0,LAGNQEEE
Negative_5|0,APK
Negative_6|0,KPF
Negative_7|0,GGLGG
Negative_8|0,PGI
Negative_9|0,AF
Negative_10|0,YY
Negative_11|0,IG
Negative_12|0,FGGF
Negative_13|0,RPGFF
Negative_14|0,FGF
Negative_15|0,QSKVLPVPQ
Negative_16|0,GNPDIEHP
Negative_17|0,VYPFPPGIGG
Negative_18|0,GF
Negative_19|0,IV
Negative_20|0,RG
Negative_21|0,FLL
Negative_22|0,GPPF
Negative_23|0,FYPELF
Negative_24|0,KLHENIAR
Negative_25|0,GPG
Negative_26|0,LA
Negative_27|0,YYY
Negative_28|0,LGGGG
Negative_29|0,GGP
Negative_30|0,YL
Negative_31|0,QLFGPNVNPWHNP
Negative_32|0,RGPPFFF
Negative_33|0,RGPPF
Negative_34|0,VIFPPGR
Negative_35|0,PK
Negative_36|0,YGG
Negative_37|0,VVVPPFLQP
Negative_38|0,VL
Negative_39|0,YPFPGPIHNS
Negative_40|0,GGRPFF
Negative_41|0,YQEPVLGPVRGPFPI
Negative_42|0,PFPGPIP
Negative_43|0,PPF
Negative_44|0,AQTQSLVYPFPGPIPNSLPQNIPPLTQ
Negative_45|0,RRPPPFFF
Negative_46|0,RGPGPIIV
Negative_47|0,RGPPFI
Negative_48|0,RPF
Negative_49|0,YG
Negative_50|0,ALEPDHR
Negative_51|0,VPPFLE
Negative_52|0,RPGGFF
Negative_53|0,PGPGPG
Negative_54|0,GGF
Negative_55|0,VIPFPGR
Negative_56|0,LGL
Negative_57|0,RPFG
Negative_58|0,LL
Negative_59|0,FF
Negative_60|0,RP
Negative_61|0,QLFGPNVNPWHNP
Negative_62|0,KPK
Negative_63|0,RGPPGFF
Negative_64|0,AV
Negative_65|0,PVLGPVRGPFPIIV
Negative_66|0,VYPFPPGI
Negative_67|0,YQEPVLGPVRGPFPIIV
Negative_68|0,RGPPGGFF
Negative_69|0,RGPEPIIV
Negative_70|0,RGPPFIIV
Negative_71|0,QPVLGPVRGPFPIIV
Negative_72|0,GY
Negative_73|0,VIF
Negative_74|0,DY
Negative_75|0,VYPFPPGINH
Negative_76|0,RPKHPIKHQ
Negative_77|0,EPAD
Negative_78|0,FG
Negative_79|0,SL
Negative_80|0,MPFPKYPVEPF
Negative_81|0,QLFNPSTNPWHSP
Negative_82|0,GPVRGPFPIIV
Negative_83|0,YQQPVLGPVRGPFPI
Negative_84|0,RRPPGF
Negative_85|0,YQQPVLGPVRGPFPII
Negative_86|0,RGFF
Negative_87|0,VVVPPFL
Negative_88|0,YPFPGPI
Negative_89|0,KAVPYPPQ
Negative_90|0,VPLGTQYTDAPSF
Negative_91|0,QLFNPSTNP
Negative_92|0,APFPEVFG
Negative_93|0,PL
Negative_94|0,LF
Negative_95|0,QNDKIHPFAQTQSLVYPFGPIP
Negative_96|0,PG
Negative_97|0,FPF
Negative_98|0,LRL
Negative_99|0,FFG
Negative_100|0,PI
Negative_101|0,QLFNPS
Negative_102|0,GP
Negative_103|0,PGPIP
Negative_104|0,LI
Negative_105|0,FIV
Negative_106|0,GPFPII
Negative_107|0,LG
Negative_108|0,PF
Negative_109|0,GGGLG
Negative_110|0,GFF
Negative_111|0,GGV
Negative_112|0,GV
Negative_113|0,YGY
Negative_114|0,RGPPGIG
Negative_115|0,VYPF
Negative_116|0,SAEFG
Negative_117|0,YLGYLEQLLR
Negative_118|0,RGPPGGGFF
Negative_119|0,YF
Negative_120|0,YEGNS
Negative_121|0,GGRGPPFIV
Negative_122|0,IT
Negative_123|0,FY
Negative_124|0,QQPVLGPVRGPFPI
Negative_125|0,PFPGPI
Negative_126|0,GL
Negative_127|0,VYP
Negative_128|0,AYFYPEL
Negative_129|0,FL
Negative_130|0,GPFPVI
Negative_131|0,NFNNQLDQQTPR
Negative_132|0,RRR
Negative_133|0,PFP
Negative_134|0,FFPP
Negative_135|0,ELL
Negative_136|0,LVYPFPGPIHN
Negative_137|0,GLGG
Negative_138|0,LGG
Negative_139|0,RGPFPIIV
Negative_140|0,TDVENLHLPPLL
Negative_141|0,FPP
Negative_142|0,WE
Negative_143|0,SLA
Negative_144|0,PFIV
Negative_145|0,GLY
Negative_146|0,LGGG
Negative_147|0,VI
Negative_148|0,PPFIV
Negative_149|0,VYPFPPIGNH
Negative_150|0,RGP
Negative_151|0,GGFFGG
Negative_152|0,GR
Negative_153|0,GGL
Negative_154|0,GPFF
Negative_155|0,RGPPGF
Negative_156|0,EQGGEQG
Negative_157|0,RPFFGG
Negative_158|0,IK
Negative_159|0,KPPFIV
Negative_160|0,IP
Negative_161|0,LY
Negative_162|0,VY
Negative_163|0,RGPPFIV
Negative_164|0,IQ
Negative_165|0,IW
Negative_166|0,RPG
Negative_167|0,WF
Negative_168|0,RGPFIV
Negative_169|0,LRP
Negative_170|0,PPP
Negative_171|0,RRPFF
Negative_172|0,EEN
Negative_173|0,YPF
Negative_174|0,WW
Negative_175|0,FV
Negative_176|0,PA
Negative_177|0,PPG
Negative_178|0,GGGGL
Negative_179|0,FALPQYLK
Negative_180|0,GKHQQEEENEGG
Negative_181|0,GVV
Negative_182|0,PGR
Negative_183|0,FW
Negative_184|0,GGGL
Negative_185|0,LD
Negative_186|0,GGRPFFGG
Negative_187|0,GLG
Negative_188|0,VIFPPG
Negative_189|0,IF
Negative_190|0,QLFNPSTNPWH
Negative_191|0,FFPGG
Negative_192|0,GPFPIIV
Negative_193|0,VYPFPPG
Negative_194|0,RGPPGGV
Negative_195|0,GLL
Negative_196|0,RGPPFF
Negative_197|0,RPPPFFF
Negative_198|0,NALPE
Negative_199|0,FPPFIV
Negative_200|0,RPFFRPFFRPFF
Negative_201|0,GGRGPPFIVGG
Negative_202|0,YLEQLLR
Negative_203|0,EVLN
Negative_204|0,EGG
Negative_205|0,LW
Negative_206|0,LLL
Negative_207|0,GGVVV
Negative_208|0,GGFF
Negative_209|0,NNEDT
Negative_210|0,QLFNPSTNPWHSP
Negative_211|0,MAPKHKEMPFPKYPVEPF
Negative_212|0,KF
Negative_213|0,NLQG
Negative_214|0,FPK
Negative_215|0,RGPFPIV
Negative_216|0,RPFF
Negative_217|0,IGTLAGA
Negative_218|0,EI
Negative_219|0,APFPEVF
Negative_220|0,PP
Negative_221|0,PVRGPFPIIV
Negative_222|0,FFVAPFPEVFGK
Negative_223|0,FP
Negative_224|0,IL
Negative_225|0,PVLGPV
Negative_226|0,FFPR
Negative_227|0,RRPPFF
Negative_228|0,VVYPWTQRF
Negative_229|0,GYG
Negative_230|0,PY
Negative_231|0,RGPPFGG
Negative_232|0,YYG
Negative_233|0,GFG
Negative_234|0,YP
Negative_235|0,LLLL
Negative_236|0,GYY
Negative_237|0,RPFFRPFF
Negative_238|0,IE
Negative_239|0,IS
Negative_240|0,VA
